{
"type": "FeatureCollection",
"name": "borders",
"crs": { "type": "name", "properties": { "name": "urn:ogc:def:crs:OGC:1.3:CRS84" } },
"features": [
{ "type": "Feature", "properties": { "ISO3_CODE": "AUT", "NAME_ENGL": "Austria" }, "geometry": { "type": "MultiPolygon", "coordinates": [ [ [ [ 15.54, 48.91 ], [ 15.02, 49.0 ], [ 14.95, 48.8 ], [ 14.82, 48.76 ], [ 14.69, 48.58 ], [ 14.49, 48.63 ], [ 14.35, 48.56 ], [ 14.11, 48.59 ], [ 13.84, 48.77 ], [ 13.8, 48.71 ], [ 13.81, 48.61 ], [ 13.73, 48.51 ], [ 13.51, 48.59 ], [ 13.44, 48.55 ], [ 13.41, 48.38 ], [ 13.18, 48.29 ], [ 12.94, 48.21 ], [ 12.75, 48.11 ], [ 12.86, 48.0 ], [ 12.88, 47.96 ], [ 12.98, 47.86 ], [ 12.93, 47.74 ], [ 13.08, 47.67 ], [ 13.05, 47.52 ], [ 12.91, 47.5 ], [ 12.7, 47.68 ], [ 12.58, 47.63 ], [ 12.34, 47.7 ], [ 12.06, 47.62 ], [ 11.63, 47.59 ], [ 11.56, 47.52 ], [ 11.41, 47.5 ], [ 11.42, 47.44 ], [ 11.02, 47.4 ], [ 10.99, 47.4 ], [ 10.89, 47.54 ], [ 10.81, 47.52 ], [ 10.45, 47.56 ], [ 10.43, 47.39 ], [ 10.18, 47.27 ], [ 10.2, 47.36 ], [ 10.0, 47.48 ], [ 9.97, 47.55 ], [ 9.56, 47.54 ], [ 9.66, 47.41 ], [ 9.53, 47.27 ], [ 9.56, 47.25 ], [ 9.56, 47.23 ], [ 9.58, 47.2 ], [ 9.57, 47.19 ], [ 9.56, 47.19 ], [ 9.56, 47.17 ], [ 9.59, 47.16 ], [ 9.62, 47.15 ], [ 9.62, 47.12 ], [ 9.61, 47.06 ], [ 9.82, 47.03 ], [ 9.9, 46.93 ], [ 10.14, 46.85 ], [ 10.39, 46.98 ], [ 10.47, 46.94 ], [ 10.47, 46.85 ], [ 10.67, 46.86 ], [ 10.81, 46.78 ], [ 11.03, 46.78 ], [ 11.16, 46.97 ], [ 11.63, 47.01 ], [ 11.75, 46.98 ], [ 12.14, 47.08 ], [ 12.24, 47.07 ], [ 12.14, 47.0 ], [ 12.16, 46.91 ], [ 12.48, 46.68 ], [ 12.69, 46.66 ], [ 12.73, 46.63 ], [ 13.5, 46.57 ], [ 13.71, 46.52 ], [ 14.01, 46.48 ], [ 14.1, 46.48 ], [ 14.15, 46.44 ], [ 14.24, 46.43 ], [ 14.43, 46.44 ], [ 14.44, 46.42 ], [ 14.52, 46.42 ], [ 14.57, 46.37 ], [ 14.67, 46.45 ], [ 14.82, 46.51 ], [ 14.82, 46.52 ], [ 14.82, 46.53 ], [ 14.82, 46.53 ], [ 14.83, 46.54 ], [ 14.82, 46.54 ], [ 14.83, 46.55 ], [ 14.88, 46.61 ], [ 14.92, 46.61 ], [ 15.07, 46.65 ], [ 15.08, 46.65 ], [ 15.16, 46.66 ], [ 15.34, 46.65 ], [ 15.4, 46.65 ], [ 15.52, 46.62 ], [ 15.54, 46.63 ], [ 15.56, 46.67 ], [ 15.62, 46.68 ], [ 15.75, 46.7 ], [ 15.79, 46.71 ], [ 15.87, 46.72 ], [ 15.96, 46.69 ], [ 16.03, 46.66 ], [ 16.04, 46.66 ], [ 16.04, 46.69 ], [ 15.99, 46.77 ], [ 16.0, 46.84 ], [ 16.06, 46.84 ], [ 16.11, 46.87 ], [ 16.46, 47.03 ], [ 16.43, 47.35 ], [ 16.54, 47.41 ], [ 16.65, 47.45 ], [ 16.69, 47.57 ], [ 16.54, 47.64 ], [ 16.42, 47.67 ], [ 16.57, 47.73 ], [ 17.03, 47.71 ], [ 17.16, 48.01 ], [ 17.07, 48.12 ], [ 16.98, 48.17 ], [ 16.84, 48.38 ], [ 16.85, 48.44 ], [ 16.95, 48.54 ], [ 16.94, 48.62 ], [ 16.89, 48.71 ], [ 16.55, 48.81 ], [ 16.29, 48.73 ], [ 15.75, 48.85 ], [ 15.54, 48.91 ] ] ] ] } },
{ "type": "Feature", "properties": { "ISO3_CODE": "BEL", "NAME_ENGL": "Belgium" }, "geometry": { "type": "MultiPolygon", "coordinates": [ [ [ [ 4.67, 51.43 ], [ 4.49, 51.47 ], [ 4.41, 51.44 ], [ 4.4, 51.37 ], [ 4.28, 51.38 ], [ 4.24, 51.37 ], [ 4.25, 51.36 ], [ 4.24, 51.35 ], [ 4.23, 51.35 ], [ 3.98, 51.23 ], [ 3.86, 51.21 ], [ 3.62, 51.3 ], [ 3.44, 51.28 ], [ 3.38, 51.27 ], [ 3.37, 51.37 ], [ 3.11, 51.31 ], [ 3.02, 51.27 ], [ 2.75, 51.16 ], [ 2.55, 51.09 ], [ 2.61, 50.91 ], [ 2.65, 50.83 ], [ 2.86, 50.71 ], [ 3.02, 50.77 ], [ 3.1, 50.78 ], [ 3.18, 50.76 ], [ 3.31, 50.52 ], [ 3.44, 50.51 ], [ 3.62, 50.49 ], [ 3.66, 50.46 ], [ 3.7, 50.33 ], [ 4.03, 50.36 ], [ 4.04, 50.34 ], [ 4.19, 50.25 ], [ 4.16, 50.17 ], [ 4.21, 50.08 ], [ 4.14, 49.98 ], [ 4.23, 49.96 ], [ 4.43, 49.94 ], [ 4.66, 49.99 ], [ 4.8, 50.15 ], [ 4.87, 50.13 ], [ 4.81, 49.97 ], [ 4.87, 49.81 ], [ 4.97, 49.8 ], [ 5.15, 49.72 ], [ 5.39, 49.62 ], [ 5.47, 49.5 ], [ 5.73, 49.55 ], [ 5.82, 49.55 ], [ 5.89, 49.66 ], [ 5.75, 49.85 ], [ 5.9, 50.1 ], [ 6.02, 50.18 ], [ 6.14, 50.13 ], [ 6.2, 50.23 ], [ 6.41, 50.32 ], [ 6.32, 50.5 ], [ 6.19, 50.52 ], [ 6.19, 50.57 ], [ 6.19, 50.64 ], [ 6.02, 50.75 ], [ 5.89, 50.76 ], [ 5.77, 50.78 ], [ 5.68, 50.76 ], [ 5.69, 50.81 ], [ 5.67, 50.87 ], [ 5.77, 51.01 ], [ 5.8, 51.06 ], [ 5.79, 51.16 ], [ 5.57, 51.22 ], [ 5.49, 51.29 ], [ 5.24, 51.26 ], [ 5.1, 51.36 ], [ 5.1, 51.43 ], [ 5.04, 51.47 ], [ 4.88, 51.43 ], [ 4.76, 51.5 ], [ 4.67, 51.43 ] ] ] ] } },
{ "type": "Feature", "properties": { "ISO3_CODE": "BGR", "NAME_ENGL": "Bulgaria" }, "geometry": { "type": "MultiPolygon", "coordinates": [ [ [ [ 22.89, 43.98 ], [ 23.02, 44.03 ], [ 22.97, 44.1 ], [ 22.68, 44.22 ], [ 22.54, 44.05 ], [ 22.43, 44.01 ], [ 22.41, 43.98 ], [ 22.37, 43.82 ], [ 22.43, 43.68 ], [ 22.54, 43.48 ], [ 22.67, 43.4 ], [ 22.75, 43.39 ], [ 23.01, 43.19 ], [ 22.75, 42.89 ], [ 22.52, 42.87 ], [ 22.44, 42.83 ], [ 22.46, 42.65 ], [ 22.54, 42.45 ], [ 22.36, 42.31 ], [ 22.51, 42.16 ], [ 22.66, 42.07 ], [ 22.87, 42.02 ], [ 22.9, 41.88 ], [ 23.01, 41.69 ], [ 22.97, 41.52 ], [ 22.93, 41.34 ], [ 23.62, 41.38 ], [ 24.02, 41.45 ], [ 24.06, 41.52 ], [ 24.52, 41.55 ], [ 24.78, 41.36 ], [ 24.89, 41.39 ], [ 25.18, 41.31 ], [ 25.22, 41.26 ], [ 25.91, 41.31 ], [ 25.95, 41.32 ], [ 26.11, 41.36 ], [ 26.17, 41.43 ], [ 26.09, 41.7 ], [ 26.36, 41.71 ], [ 26.36, 41.71 ], [ 26.37, 41.8 ], [ 26.52, 41.83 ], [ 26.53, 41.84 ], [ 26.53, 41.84 ], [ 26.53, 41.84 ], [ 26.54, 41.84 ], [ 26.57, 41.89 ], [ 26.6, 41.93 ], [ 26.87, 41.99 ], [ 26.97, 42.0 ], [ 27.07, 42.07 ], [ 27.21, 42.09 ], [ 27.26, 42.09 ], [ 27.41, 42.02 ], [ 27.43, 42.0 ], [ 27.56, 41.93 ], [ 27.79, 41.95 ], [ 27.86, 41.96 ], [ 27.99, 41.96 ], [ 28.04, 41.98 ], [ 27.68, 42.4 ], [ 27.52, 42.49 ], [ 27.87, 42.72 ], [ 27.88, 42.84 ], [ 27.94, 43.17 ], [ 28.06, 43.32 ], [ 28.11, 43.39 ], [ 28.49, 43.39 ], [ 28.59, 43.51 ], [ 28.58, 43.74 ], [ 28.11, 43.8 ], [ 28.0, 43.85 ], [ 27.92, 43.99 ], [ 27.7, 43.99 ], [ 27.39, 44.02 ], [ 27.27, 44.13 ], [ 26.95, 44.14 ], [ 26.7, 44.08 ], [ 26.38, 44.04 ], [ 26.36, 44.04 ], [ 26.12, 43.97 ], [ 25.67, 43.69 ], [ 25.54, 43.64 ], [ 25.3, 43.66 ], [ 24.65, 43.72 ], [ 24.49, 43.75 ], [ 24.32, 43.7 ], [ 24.11, 43.7 ], [ 23.63, 43.79 ], [ 23.41, 43.85 ], [ 23.0, 43.81 ], [ 22.86, 43.9 ], [ 22.89, 43.98 ] ] ] ] } },
{ "type": "Feature", "properties": { "ISO3_CODE": "BRA", "NAME_ENGL": "Brazil" }, "geometry": { "type": "MultiPolygon", "coordinates": [ [ [ [ -28.84, -20.42 ], [ -28.92, -20.46 ], [ -28.85, -20.53 ], [ -28.78, -20.49 ], [ -28.84, -20.42 ] ] ], [ [ [ -29.39, 0.94 ], [ -29.41, 0.88 ], [ -29.31, 0.87 ], [ -29.29, 0.98 ], [ -29.39, 0.94 ] ] ], [ [ [ -32.45, -3.82 ], [ -32.55, -3.87 ], [ -32.48, -3.93 ], [ -32.41, -3.89 ], [ -32.45, -3.82 ] ] ], [ [ [ -60.37, 5.2 ], [ -60.74, 5.2 ], [ -60.66, 5.11 ], [ -60.63, 4.91 ], [ -60.99, 4.55 ], [ -61.28, 4.51 ], [ -61.49, 4.4 ], [ -61.6, 4.26 ], [ -61.86, 4.18 ], [ -62.16, 4.1 ], [ -62.46, 4.15 ], [ -62.73, 3.99 ], [ -62.76, 3.73 ], [ -62.95, 3.65 ], [ -63.17, 3.8 ], [ -63.26, 3.95 ], [ -63.39, 3.95 ], [ -63.52, 3.88 ], [ -63.67, 3.99 ], [ -63.75, 3.93 ], [ -63.96, 3.91 ], [ -64.18, 4.11 ], [ -64.55, 4.12 ], [ -64.67, 4.23 ], [ -64.78, 4.27 ], [ -64.81, 4.22 ], [ -64.65, 3.98 ], [ -64.19, 3.58 ], [ -64.13, 3.39 ], [ -64.16, 3.21 ], [ -64.21, 3.15 ], [ -64.21, 3.14 ], [ -64.01, 2.77 ], [ -64.04, 2.51 ], [ -63.41, 2.43 ], [ -63.38, 2.21 ], [ -63.77, 2.0 ], [ -64.01, 1.94 ], [ -64.1, 1.64 ], [ -64.31, 1.42 ], [ -64.42, 1.48 ], [ -64.71, 1.28 ], [ -65.12, 1.12 ], [ -65.19, 0.97 ], [ -65.33, 0.9 ], [ -65.5, 0.68 ], [ -65.57, 0.72 ], [ -65.53, 0.89 ], [ -65.62, 0.99 ], [ -65.86, 0.93 ], [ -66.14, 0.77 ], [ -66.29, 0.77 ], [ -66.85, 1.23 ], [ -67.08, 1.2 ], [ -67.17, 1.78 ], [ -67.32, 1.96 ], [ -67.41, 2.19 ], [ -67.64, 2.03 ], [ -67.7, 1.92 ], [ -67.88, 1.76 ], [ -67.97, 1.75 ], [ -68.11, 1.92 ], [ -68.19, 1.95 ], [ -68.27, 1.74 ], [ -69.5, 1.76 ], [ -69.84, 1.71 ], [ -69.82, 1.12 ], [ -69.28, 1.05 ], [ -69.16, 0.88 ], [ -69.16, 0.72 ], [ -69.28, 0.63 ], [ -69.56, 0.69 ], [ -70.04, 0.48 ], [ -70.03, -0.14 ], [ -69.65, -0.51 ], [ -69.58, -0.79 ], [ -69.43, -1.07 ], [ -69.42, -1.26 ], [ -69.41, -1.33 ], [ -69.59, -2.33 ], [ -69.95, -4.23 ], [ -69.99, -4.32 ], [ -70.2, -4.32 ], [ -70.38, -4.16 ], [ -70.72, -4.18 ], [ -71.0, -4.38 ], [ -71.88, -4.53 ], [ -72.81, -5.13 ], [ -72.98, -5.67 ], [ -73.22, -6.07 ], [ -73.15, -6.48 ], [ -73.63, -6.76 ], [ -73.8, -7.11 ], [ -73.72, -7.31 ], [ -73.93, -7.38 ], [ -73.98, -7.53 ], [ -73.72, -7.77 ], [ -73.74, -7.91 ], [ -73.61, -8.08 ], [ -73.52, -8.35 ], [ -72.97, -8.97 ], [ -72.98, -9.13 ], [ -73.15, -9.39 ], [ -72.38, -9.51 ], [ -72.28, -9.59 ], [ -72.11, -9.97 ], [ -72.03, -10.0 ], [ -71.25, -9.96 ], [ -70.56, -9.46 ], [ -70.55, -9.77 ], [ -70.61, -9.92 ], [ -70.61, -10.97 ], [ -70.3, -11.06 ], [ -69.95, -10.93 ], [ -69.57, -10.95 ], [ -68.8, -11.01 ], [ -68.66, -11.13 ], [ -68.26, -10.97 ], [ -68.08, -10.69 ], [ -67.96, -10.65 ], [ -67.71, -10.69 ], [ -67.58, -10.52 ], [ -67.3, -10.33 ], [ -67.03, -10.25 ], [ -66.62, -9.89 ], [ -65.85, -9.76 ], [ -65.58, -9.82 ], [ -65.4, -9.7 ], [ -65.31, -9.83 ], [ -65.3, -10.13 ], [ -65.39, -10.38 ], [ -65.41, -10.59 ], [ -65.26, -10.95 ], [ -65.36, -11.18 ], [ -65.32, -11.44 ], [ -65.22, -11.55 ], [ -65.24, -11.7 ], [ -65.08, -11.74 ], [ -65.01, -11.99 ], [ -64.85, -12.03 ], [ -64.53, -12.26 ], [ -64.41, -12.43 ], [ -63.98, -12.52 ], [ -63.76, -12.44 ], [ -63.44, -12.59 ], [ -63.31, -12.67 ], [ -63.12, -12.65 ], [ -63.02, -12.81 ], [ -62.77, -13.0 ], [ -62.66, -12.99 ], [ -62.37, -13.13 ], [ -62.16, -13.14 ], [ -61.84, -13.52 ], [ -61.53, -13.53 ], [ -61.04, -13.5 ], [ -60.71, -13.69 ], [ -60.5, -13.8 ], [ -60.42, -13.98 ], [ -60.46, -14.25 ], [ -60.28, -14.65 ], [ -60.25, -15.05 ], [ -60.53, -15.13 ], [ -60.24, -15.49 ], [ -60.16, -16.25 ], [ -58.51, -16.32 ], [ -58.34, -16.28 ], [ -58.35, -16.5 ], [ -58.46, -16.72 ], [ -58.47, -16.92 ], [ -58.38, -17.18 ], [ -58.09, -17.46 ], [ -57.87, -17.47 ], [ -57.75, -17.57 ], [ -57.7, -17.87 ], [ -57.55, -18.15 ], [ -57.51, -18.21 ], [ -57.75, -18.86 ], [ -57.72, -19.01 ], [ -57.81, -19.08 ], [ -58.11, -19.73 ], [ -57.88, -19.99 ], [ -58.17, -20.17 ], [ -58.01, -20.46 ], [ -57.99, -20.64 ], [ -57.89, -20.72 ], [ -57.94, -20.78 ], [ -57.84, -20.98 ], [ -57.87, -21.35 ], [ -57.95, -21.51 ], [ -57.91, -21.69 ], [ -57.99, -22.09 ], [ -57.65, -22.1 ], [ -57.32, -22.24 ], [ -57.03, -22.23 ], [ -56.83, -22.3 ], [ -56.43, -22.09 ], [ -56.22, -22.27 ], [ -55.84, -22.31 ], [ -55.63, -22.66 ], [ -55.65, -22.87 ], [ -55.54, -23.22 ], [ -55.54, -23.52 ], [ -55.43, -23.89 ], [ -55.36, -23.97 ], [ -55.01, -23.97 ], [ -54.64, -23.84 ], [ -54.28, -24.07 ], [ -54.33, -24.16 ], [ -54.27, -24.36 ], [ -54.34, -24.71 ], [ -54.45, -25.2 ], [ -54.61, -25.46 ], [ -54.59, -25.59 ], [ -54.43, -25.64 ], [ -54.14, -25.54 ], [ -53.92, -25.63 ], [ -53.82, -25.97 ], [ -53.64, -26.25 ], [ -53.72, -26.53 ], [ -53.69, -26.91 ], [ -53.84, -27.17 ], [ -53.97, -27.18 ], [ -54.31, -27.44 ], [ -54.82, -27.56 ], [ -54.94, -27.76 ], [ -55.36, -27.97 ], [ -55.44, -28.08 ], [ -55.62, -28.14 ], [ -55.76, -28.25 ], [ -55.69, -28.39 ], [ -55.88, -28.38 ], [ -55.9, -28.47 ], [ -56.29, -28.82 ], [ -56.32, -28.92 ], [ -56.44, -29.07 ], [ -56.61, -29.15 ], [ -56.69, -29.33 ], [ -57.01, -29.67 ], [ -57.25, -29.81 ], [ -57.36, -30.0 ], [ -57.65, -30.19 ], [ -57.45, -30.29 ], [ -57.25, -30.28 ], [ -57.06, -30.1 ], [ -56.83, -30.11 ], [ -56.04, -30.79 ], [ -56.01, -31.08 ], [ -55.83, -31.04 ], [ -55.6, -30.85 ], [ -55.36, -31.04 ], [ -55.23, -31.25 ], [ -55.0, -31.29 ], [ -54.83, -31.43 ], [ -54.58, -31.47 ], [ -54.46, -31.65 ], [ -54.14, -31.89 ], [ -53.87, -32.0 ], [ -53.75, -32.1 ], [ -53.6, -32.42 ], [ -53.1, -32.73 ], [ -53.5, -33.13 ], [ -53.53, -33.6 ], [ -53.51, -33.68 ], [ -53.37, -33.74 ], [ -52.65, -33.13 ], [ -52.31, -32.38 ], [ -52.11, -32.15 ], [ -52.24, -32.06 ], [ -52.15, -31.98 ], [ -52.21, -31.76 ], [ -52.03, -31.66 ], [ -51.92, -31.34 ], [ -51.64, -31.26 ], [ -51.6, -31.15 ], [ -51.46, -31.08 ], [ -51.49, -30.94 ], [ -51.39, -30.86 ], [ -51.37, -30.66 ], [ -51.13, -30.39 ], [ -51.31, -30.25 ], [ -51.29, -30.08 ], [ -51.25, -30.06 ], [ -51.19, -30.22 ], [ -51.05, -30.28 ], [ -51.0, -30.4 ], [ -50.6, -30.21 ], [ -50.55, -30.29 ], [ -50.57, -30.43 ], [ -50.71, -30.39 ], [ -50.71, -30.74 ], [ -50.94, -30.91 ], [ -50.99, -31.04 ], [ -51.16, -31.1 ], [ -51.22, -31.44 ], [ -51.43, -31.51 ], [ -51.63, -31.73 ], [ -51.83, -31.84 ], [ -52.06, -31.84 ], [ -52.01, -32.05 ], [ -51.27, -31.57 ], [ -50.77, -31.11 ], [ -50.35, -30.52 ], [ -50.05, -29.83 ], [ -49.71, -29.33 ], [ -49.32, -28.92 ], [ -48.82, -28.56 ], [ -48.59, -27.84 ], [ -48.45, -27.61 ], [ -48.46, -27.5 ], [ -48.57, -27.55 ], [ -48.61, -27.51 ], [ -48.54, -27.18 ], [ -48.65, -26.73 ], [ -48.54, -26.28 ], [ -48.6, -25.98 ], [ -48.4, -25.62 ], [ -48.44, -25.48 ], [ -48.4, -25.37 ], [ -48.35, -25.37 ], [ -48.37, -25.51 ], [ -48.33, -25.53 ], [ -48.06, -25.26 ], [ -47.78, -24.92 ], [ -47.05, -24.43 ], [ -46.84, -24.22 ], [ -46.4, -24.0 ], [ -46.24, -24.01 ], [ -46.07, -23.83 ], [ -45.79, -23.77 ], [ -45.58, -23.8 ], [ -45.45, -23.85 ], [ -45.43, -23.92 ], [ -45.26, -23.94 ], [ -45.24, -23.79 ], [ -45.31, -23.74 ], [ -45.38, -23.77 ], [ -45.42, -23.68 ], [ -45.22, -23.56 ], [ -44.97, -23.38 ], [ -44.72, -23.37 ], [ -44.58, -23.3 ], [ -44.69, -23.18 ], [ -44.61, -23.07 ], [ -44.4, -23.0 ], [ -44.17, -23.03 ], [ -43.86, -22.93 ], [ -43.54, -23.05 ], [ -43.26, -23.0 ], [ -43.19, -22.92 ], [ -43.25, -22.78 ], [ -43.11, -22.72 ], [ -43.11, -22.89 ], [ -43.03, -22.98 ], [ -42.07, -22.94 ], [ -41.96, -22.79 ], [ -41.96, -22.59 ], [ -41.79, -22.39 ], [ -41.01, -21.98 ], [ -41.05, -21.53 ], [ -40.96, -21.31 ], [ -40.72, -20.85 ], [ -40.61, -20.81 ], [ -40.53, -20.73 ], [ -40.21, -20.22 ], [ -40.14, -19.96 ], [ -40.02, -19.78 ], [ -39.81, -19.63 ], [ -39.74, -19.47 ], [ -39.69, -19.29 ], [ -39.74, -18.69 ], [ -39.67, -18.35 ], [ -39.62, -18.21 ], [ -39.47, -17.97 ], [ -39.26, -17.85 ], [ -39.16, -17.7 ], [ -39.21, -17.19 ], [ -39.06, -16.47 ], [ -38.87, -15.86 ], [ -39.06, -14.68 ], [ -38.94, -13.97 ], [ -38.99, -13.75 ], [ -38.91, -13.63 ], [ -38.95, -13.28 ], [ -38.63, -12.99 ], [ -38.66, -12.93 ], [ -38.75, -12.96 ], [ -38.78, -12.84 ], [ -38.69, -12.67 ], [ -38.55, -12.75 ], [ -38.49, -12.85 ], [ -38.51, -12.99 ], [ -38.46, -13.0 ], [ -38.26, -12.87 ], [ -37.97, -12.51 ], [ -37.36, -11.45 ], [ -36.86, -10.76 ], [ -36.39, -10.5 ], [ -36.35, -10.43 ], [ -36.27, -10.28 ], [ -35.33, -9.21 ], [ -35.15, -8.91 ], [ -34.83, -7.95 ], [ -34.83, -7.55 ], [ -34.83, -7.0 ], [ -34.97, -6.49 ], [ -35.24, -5.56 ], [ -35.44, -5.21 ], [ -35.92, -5.05 ], [ -36.35, -5.09 ], [ -36.71, -5.08 ], [ -36.92, -4.94 ], [ -37.16, -4.93 ], [ -37.25, -4.83 ], [ -37.33, -4.71 ], [ -37.59, -4.61 ], [ -38.07, -4.18 ], [ -38.46, -3.73 ], [ -38.68, -3.66 ], [ -39.26, -3.23 ], [ -39.91, -2.88 ], [ -40.49, -2.8 ], [ -41.33, -2.92 ], [ -41.62, -2.89 ], [ -41.79, -2.74 ], [ -42.06, -2.73 ], [ -42.26, -2.77 ], [ -43.36, -2.39 ], [ -43.84, -2.55 ], [ -44.14, -2.73 ], [ -44.18, -2.69 ], [ -44.12, -2.53 ], [ -44.21, -2.5 ], [ -44.43, -2.81 ], [ -44.53, -2.8 ], [ -44.57, -2.63 ], [ -44.43, -2.33 ], [ -44.54, -2.16 ], [ -44.57, -1.9 ], [ -44.72, -1.65 ], [ -45.02, -1.51 ], [ -45.31, -1.63 ], [ -45.38, -1.42 ], [ -45.49, -1.33 ], [ -45.71, -1.21 ], [ -46.07, -1.14 ], [ -46.25, -0.97 ], [ -46.46, -0.95 ], [ -47.24, -0.66 ], [ -47.79, -0.61 ], [ -48.13, -0.78 ], [ -48.43, -1.16 ], [ -48.48, -1.33 ], [ -48.5, -1.44 ], [ -48.67, -1.45 ], [ -49.28, -1.89 ], [ -49.32, -1.68 ], [ -48.82, -1.33 ], [ -48.56, -0.86 ], [ -48.46, -0.51 ], [ -48.46, -0.39 ], [ -48.55, -0.27 ], [ -49.12, -0.16 ], [ -49.68, -0.21 ], [ -50.3, -0.13 ], [ -50.69, -0.33 ], [ -50.7, -0.11 ], [ -50.81, -0.02 ], [ -50.95, -0.1 ], [ -51.14, -0.32 ], [ -51.27, -0.32 ], [ -51.41, -0.42 ], [ -51.29, -0.22 ], [ -51.24, -0.15 ], [ -51.21, -0.1 ], [ -50.74, 0.25 ], [ -50.53, 0.52 ], [ -50.37, 0.72 ], [ -50.29, 0.82 ], [ -50.24, 0.84 ], [ -50.21, 0.75 ], [ -50.11, 0.79 ], [ -50.14, 0.98 ], [ -49.99, 1.01 ], [ -49.92, 1.14 ], [ -49.91, 1.53 ], [ -50.03, 1.74 ], [ -50.46, 1.86 ], [ -50.35, 1.96 ], [ -50.44, 2.14 ], [ -50.54, 2.14 ], [ -50.55, 2.02 ], [ -50.65, 2.12 ], [ -51.03, 3.09 ], [ -51.1, 3.45 ], [ -51.09, 3.83 ], [ -51.21, 4.12 ], [ -51.5, 4.42 ], [ -51.63, 4.26 ], [ -51.62, 4.2 ], [ -51.66, 4.07 ], [ -52.32, 3.18 ], [ -52.57, 2.52 ], [ -52.9, 2.21 ], [ -53.16, 2.21 ], [ -53.32, 2.31 ], [ -53.54, 2.27 ], [ -53.78, 2.34 ], [ -54.16, 2.14 ], [ -54.43, 2.22 ], [ -54.6, 2.34 ], [ -54.68, 2.36 ], [ -54.72, 2.46 ], [ -54.87, 2.43 ], [ -54.99, 2.58 ], [ -55.31, 2.5 ], [ -55.39, 2.43 ], [ -55.56, 2.43 ], [ -55.98, 2.5 ], [ -56.12, 2.29 ], [ -55.92, 2.04 ], [ -55.96, 1.86 ], [ -56.47, 1.95 ], [ -56.8, 1.87 ], [ -57.1, 2.01 ], [ -57.31, 1.97 ], [ -57.55, 1.71 ], [ -57.76, 1.72 ], [ -57.94, 1.65 ], [ -58.02, 1.52 ], [ -58.33, 1.56 ], [ -58.4, 1.48 ], [ -58.51, 1.46 ], [ -58.47, 1.37 ], [ -58.51, 1.29 ], [ -58.68, 1.29 ], [ -58.8, 1.19 ], [ -58.9, 1.23 ], [ -58.93, 1.3 ], [ -59.25, 1.4 ], [ -59.51, 1.69 ], [ -59.66, 1.75 ], [ -59.74, 1.88 ], [ -59.75, 2.26 ], [ -59.89, 2.39 ], [ -59.98, 2.63 ], [ -59.98, 2.92 ], [ -59.82, 3.37 ], [ -59.85, 3.57 ], [ -59.6, 3.82 ], [ -59.54, 3.94 ], [ -59.58, 3.98 ], [ -59.73, 4.22 ], [ -59.67, 4.38 ], [ -60.14, 4.54 ], [ -60.05, 4.68 ], [ -59.98, 4.99 ], [ -60.1, 5.18 ], [ -60.2, 5.26 ], [ -60.37, 5.2 ] ], [ [ -48.67, -25.45 ], [ -48.55, -25.45 ], [ -48.5, -25.49 ], [ -48.61, -25.52 ], [ -48.7, -25.48 ], [ -48.67, -25.45 ] ], [ [ -48.69, -26.23 ], [ -48.68, -26.29 ], [ -48.76, -26.31 ], [ -48.81, -26.22 ], [ -48.69, -26.23 ] ] ], [ [ [ -43.57, -2.36 ], [ -43.62, -2.33 ], [ -43.67, -2.28 ], [ -43.73, -2.32 ], [ -43.73, -2.33 ], [ -43.76, -2.41 ], [ -43.6, -2.4 ], [ -43.57, -2.36 ] ] ], [ [ [ -43.98, -23.01 ], [ -44.05, -23.08 ], [ -43.94, -23.11 ], [ -43.91, -23.02 ], [ -43.98, -23.01 ] ] ], [ [ [ -44.23, -23.1 ], [ -44.33, -23.15 ], [ -44.22, -23.19 ], [ -44.14, -23.14 ], [ -44.23, -23.1 ] ] ], [ [ [ -44.88, -1.29 ], [ -44.97, -1.27 ], [ -45.02, -1.33 ], [ -45.05, -1.37 ], [ -45.0, -1.39 ], [ -44.92, -1.33 ], [ -44.88, -1.29 ] ] ], [ [ [ -49.34, -0.01 ], [ -49.42, 0.07 ], [ -49.59, 0.09 ], [ -49.86, -0.09 ], [ -49.74, -0.15 ], [ -49.48, -0.14 ], [ -49.34, -0.01 ] ] ], [ [ [ -50.07, 0.55 ], [ -50.13, 0.6 ], [ -50.38, 0.56 ], [ -50.4, 0.52 ], [ -50.63, 0.13 ], [ -50.51, 0.01 ], [ -50.4, 0.12 ], [ -50.29, 0.04 ], [ -49.98, -0.0 ], [ -49.86, 0.03 ], [ -49.63, 0.25 ], [ -49.72, 0.35 ], [ -50.24, 0.3 ], [ -50.1, 0.52 ], [ -50.07, 0.55 ] ] ], [ [ [ -50.11, 1.91 ], [ -50.15, 1.89 ], [ -50.18, 1.84 ], [ -50.06, 1.82 ], [ -50.02, 1.84 ], [ -50.11, 1.91 ] ] ] ] } },
{ "type": "Feature", "properties": { "ISO3_CODE": "CHE", "NAME_ENGL": "Switzerland" }, "geometry": { "type": "MultiPolygon", "coordinates": [ [ [ [ 8.66, 47.69 ], [ 8.72, 47.75 ], [ 8.61, 47.8 ], [ 8.51, 47.78 ], [ 8.44, 47.68 ], [ 8.61, 47.67 ], [ 8.43, 47.57 ], [ 8.23, 47.61 ], [ 8.02, 47.56 ], [ 7.89, 47.59 ], [ 7.71, 47.54 ], [ 7.63, 47.56 ], [ 7.59, 47.59 ], [ 7.56, 47.56 ], [ 7.51, 47.5 ], [ 7.38, 47.43 ], [ 7.22, 47.43 ], [ 7.13, 47.5 ], [ 6.94, 47.43 ], [ 6.94, 47.38 ], [ 7.02, 47.33 ], [ 6.86, 47.17 ], [ 6.46, 46.93 ], [ 6.46, 46.85 ], [ 6.42, 46.76 ], [ 6.14, 46.56 ], [ 6.06, 46.42 ], [ 6.15, 46.37 ], [ 6.13, 46.32 ], [ 5.96, 46.13 ], [ 6.22, 46.19 ], [ 6.26, 46.24 ], [ 6.22, 46.31 ], [ 6.5, 46.45 ], [ 6.82, 46.43 ], [ 6.82, 46.16 ], [ 7.04, 45.92 ], [ 7.16, 45.86 ], [ 7.59, 45.98 ], [ 7.86, 45.92 ], [ 7.88, 45.93 ], [ 8.14, 46.15 ], [ 8.13, 46.27 ], [ 8.38, 46.45 ], [ 8.46, 46.42 ], [ 8.46, 46.25 ], [ 8.71, 46.1 ], [ 8.83, 46.07 ], [ 8.81, 46.0 ], [ 8.91, 45.92 ], [ 8.91, 45.83 ], [ 9.06, 45.86 ], [ 9.01, 46.01 ], [ 9.16, 46.17 ], [ 9.25, 46.23 ], [ 9.26, 46.45 ], [ 9.32, 46.5 ], [ 9.44, 46.48 ], [ 9.55, 46.32 ], [ 9.7, 46.3 ], [ 9.92, 46.37 ], [ 10.1, 46.24 ], [ 10.15, 46.27 ], [ 10.13, 46.4 ], [ 10.05, 46.47 ], [ 10.08, 46.57 ], [ 10.21, 46.62 ], [ 10.45, 46.53 ], [ 10.47, 46.6 ], [ 10.4, 46.68 ], [ 10.47, 46.85 ], [ 10.47, 46.94 ], [ 10.39, 46.98 ], [ 10.14, 46.85 ], [ 9.9, 46.93 ], [ 9.82, 47.03 ], [ 9.61, 47.06 ], [ 9.6, 47.06 ], [ 9.54, 47.07 ], [ 9.48, 47.05 ], [ 9.48, 47.07 ], [ 9.51, 47.09 ], [ 9.52, 47.12 ], [ 9.49, 47.19 ], [ 9.51, 47.23 ], [ 9.53, 47.27 ], [ 9.66, 47.41 ], [ 9.56, 47.54 ], [ 9.51, 47.55 ], [ 9.18, 47.66 ], [ 8.87, 47.65 ], [ 8.85, 47.7 ], [ 8.82, 47.7 ], [ 8.8, 47.68 ], [ 8.67, 47.68 ], [ 8.66, 47.69 ] ] ] ] } },
{ "type": "Feature", "properties": { "ISO3_CODE": "COL", "NAME_ENGL": "Colombia" }, "geometry": { "type": "MultiPolygon", "coordinates": [ [ [ [ -71.65, 12.44 ], [ -71.88, 12.3 ], [ -71.92, 12.18 ], [ -72.02, 12.23 ], [ -72.13, 12.2 ], [ -72.19, 12.01 ], [ -72.32, 11.86 ], [ -72.76, 11.67 ], [ -73.27, 11.3 ], [ -73.57, 11.26 ], [ -74.14, 11.32 ], [ -74.22, 11.24 ], [ -74.23, 11.06 ], [ -74.34, 10.99 ], [ -74.54, 11.0 ], [ -74.85, 11.11 ], [ -75.22, 10.8 ], [ -75.49, 10.57 ], [ -75.52, 10.32 ], [ -75.59, 10.25 ], [ -75.54, 10.21 ], [ -75.57, 10.12 ], [ -75.66, 9.73 ], [ -75.58, 9.64 ], [ -75.61, 9.48 ], [ -75.7, 9.41 ], [ -75.91, 9.43 ], [ -76.06, 9.34 ], [ -76.29, 8.98 ], [ -76.41, 8.89 ], [ -76.67, 8.67 ], [ -76.91, 8.58 ], [ -76.77, 8.39 ], [ -76.73, 8.05 ], [ -76.78, 7.92 ], [ -76.92, 7.95 ], [ -76.84, 8.11 ], [ -76.92, 8.11 ], [ -76.98, 8.25 ], [ -77.24, 8.48 ], [ -77.37, 8.68 ], [ -77.37, 8.68 ], [ -77.44, 8.56 ], [ -77.28, 8.23 ], [ -77.18, 7.94 ], [ -77.33, 7.87 ], [ -77.53, 7.54 ], [ -77.73, 7.67 ], [ -77.72, 7.51 ], [ -77.83, 7.43 ], [ -77.89, 7.22 ], [ -77.69, 7.04 ], [ -77.67, 6.89 ], [ -77.53, 6.71 ], [ -77.43, 6.68 ], [ -77.34, 6.55 ], [ -77.39, 6.3 ], [ -77.47, 6.21 ], [ -77.26, 5.75 ], [ -77.52, 5.51 ], [ -77.42, 5.4 ], [ -77.32, 4.72 ], [ -77.37, 4.39 ], [ -77.52, 4.23 ], [ -77.5, 4.12 ], [ -77.44, 4.08 ], [ -77.38, 3.96 ], [ -77.25, 3.85 ], [ -77.11, 3.83 ], [ -77.2, 3.63 ], [ -77.33, 3.52 ], [ -77.54, 3.22 ], [ -77.8, 2.71 ], [ -77.9, 2.68 ], [ -77.93, 2.64 ], [ -78.31, 2.65 ], [ -78.54, 2.49 ], [ -78.7, 2.15 ], [ -78.56, 1.79 ], [ -78.82, 1.81 ], [ -78.99, 1.65 ], [ -78.83, 1.46 ], [ -78.77, 1.39 ], [ -78.51, 1.19 ], [ -78.33, 1.17 ], [ -78.17, 0.95 ], [ -77.9, 0.81 ], [ -77.7, 0.83 ], [ -77.67, 0.72 ], [ -77.53, 0.65 ], [ -77.52, 0.52 ], [ -77.51, 0.43 ], [ -77.11, 0.37 ], [ -77.06, 0.3 ], [ -76.91, 0.25 ], [ -76.54, 0.23 ], [ -76.43, 0.25 ], [ -76.39, 0.38 ], [ -76.27, 0.42 ], [ -76.02, 0.29 ], [ -75.79, 0.06 ], [ -75.26, -0.12 ], [ -75.15, -0.06 ], [ -75.01, -0.15 ], [ -74.9, -0.22 ], [ -74.86, -0.22 ], [ -74.78, -0.22 ], [ -74.39, -0.56 ], [ -74.25, -0.98 ], [ -74.03, -1.06 ], [ -73.83, -1.24 ], [ -73.68, -1.26 ], [ -73.63, -1.27 ], [ -73.6, -1.33 ], [ -73.5, -1.55 ], [ -73.49, -1.72 ], [ -73.15, -1.83 ], [ -73.1, -2.08 ], [ -73.13, -2.26 ], [ -73.04, -2.33 ], [ -72.9, -2.41 ], [ -72.62, -2.39 ], [ -72.28, -2.45 ], [ -71.94, -2.33 ], [ -71.76, -2.2 ], [ -71.45, -2.33 ], [ -71.34, -2.37 ], [ -71.2, -2.33 ], [ -70.97, -2.25 ], [ -70.81, -2.33 ], [ -70.13, -2.66 ], [ -70.09, -2.72 ], [ -70.12, -2.86 ], [ -70.67, -3.77 ], [ -70.51, -3.85 ], [ -70.3, -3.84 ], [ -69.95, -4.23 ], [ -69.59, -2.33 ], [ -69.41, -1.33 ], [ -69.42, -1.26 ], [ -69.43, -1.07 ], [ -69.58, -0.79 ], [ -69.65, -0.51 ], [ -70.03, -0.14 ], [ -70.04, 0.48 ], [ -69.56, 0.69 ], [ -69.28, 0.63 ], [ -69.16, 0.72 ], [ -69.16, 0.88 ], [ -69.28, 1.05 ], [ -69.82, 1.12 ], [ -69.84, 1.71 ], [ -69.5, 1.76 ], [ -68.27, 1.74 ], [ -68.19, 1.95 ], [ -68.11, 1.92 ], [ -67.97, 1.75 ], [ -67.88, 1.76 ], [ -67.7, 1.92 ], [ -67.64, 2.03 ], [ -67.41, 2.19 ], [ -67.32, 1.96 ], [ -67.17, 1.78 ], [ -67.08, 1.2 ], [ -66.85, 1.23 ], [ -67.11, 2.09 ], [ -67.21, 2.23 ], [ -67.21, 2.36 ], [ -67.61, 2.79 ], [ -67.85, 2.84 ], [ -67.39, 3.26 ], [ -67.33, 3.38 ], [ -67.47, 3.72 ], [ -67.61, 3.78 ], [ -67.69, 3.96 ], [ -67.71, 4.05 ], [ -67.85, 4.54 ], [ -67.84, 5.29 ], [ -67.62, 5.5 ], [ -67.6, 5.81 ], [ -67.43, 5.99 ], [ -67.46, 6.19 ], [ -67.6, 6.28 ], [ -67.81, 6.31 ], [ -68.03, 6.21 ], [ -68.66, 6.14 ], [ -69.05, 6.21 ], [ -69.24, 6.09 ], [ -69.43, 6.11 ], [ -70.13, 6.97 ], [ -70.33, 6.95 ], [ -70.71, 7.1 ], [ -71.03, 6.98 ], [ -71.76, 7.05 ], [ -71.95, 7.01 ], [ -72.05, 7.04 ], [ -72.19, 7.36 ], [ -72.42, 7.4 ], [ -72.47, 7.5 ], [ -72.47, 7.93 ], [ -72.36, 8.04 ], [ -72.41, 8.37 ], [ -72.65, 8.62 ], [ -72.78, 9.1 ], [ -72.95, 9.11 ], [ -73.02, 9.27 ], [ -73.23, 9.17 ], [ -73.35, 9.21 ], [ -73.06, 9.64 ], [ -72.96, 9.84 ], [ -72.89, 10.43 ], [ -72.48, 11.08 ], [ -72.24, 11.17 ], [ -71.94, 11.65 ], [ -71.32, 11.85 ], [ -71.14, 12.05 ], [ -71.21, 12.26 ], [ -71.65, 12.44 ] ] ], [ [ [ -79.84, 15.84 ], [ -79.92, 15.82 ], [ -79.86, 15.74 ], [ -79.77, 15.8 ], [ -79.84, 15.84 ] ] ], [ [ [ -81.39, 13.4 ], [ -81.45, 13.32 ], [ -81.35, 13.29 ], [ -81.33, 13.39 ], [ -81.39, 13.4 ] ] ] ] } },
{ "type": "Feature", "properties": { "ISO3_CODE": "CYP", "NAME_ENGL": "Cyprus" }, "geometry": { "type": "MultiPolygon", "coordinates": [ [ [ [ 34.38, 35.53 ], [ 34.56, 35.64 ], [ 34.59, 35.69 ], [ 33.86, 35.41 ], [ 33.49, 35.33 ], [ 33.05, 35.37 ], [ 32.77, 35.19 ], [ 32.26, 35.08 ], [ 32.32, 34.91 ], [ 32.45, 34.76 ], [ 33.03, 34.62 ], [ 33.95, 35.01 ], [ 34.09, 34.97 ], [ 33.92, 35.11 ], [ 33.92, 35.18 ], [ 33.95, 35.3 ], [ 34.05, 35.33 ], [ 34.12, 35.43 ], [ 34.38, 35.53 ] ] ] ] } },
{ "type": "Feature", "properties": { "ISO3_CODE": "CZE", "NAME_ENGL": "Czechia" }, "geometry": { "type": "MultiPolygon", "coordinates": [ [ [ [ 14.58, 50.98 ], [ 14.49, 51.04 ], [ 14.32, 51.05 ], [ 14.28, 51.0 ], [ 14.36, 50.9 ], [ 13.83, 50.73 ], [ 13.65, 50.73 ], [ 13.5, 50.63 ], [ 13.05, 50.5 ], [ 12.95, 50.4 ], [ 12.81, 50.45 ], [ 12.58, 50.41 ], [ 12.41, 50.32 ], [ 12.32, 50.18 ], [ 12.17, 50.31 ], [ 12.1, 50.32 ], [ 12.16, 50.22 ], [ 12.26, 50.06 ], [ 12.55, 49.91 ], [ 12.4, 49.76 ], [ 12.59, 49.54 ], [ 12.64, 49.52 ], [ 12.63, 49.48 ], [ 12.79, 49.36 ], [ 12.98, 49.32 ], [ 13.17, 49.17 ], [ 13.42, 48.98 ], [ 13.55, 48.97 ], [ 13.84, 48.77 ], [ 14.11, 48.59 ], [ 14.35, 48.56 ], [ 14.49, 48.63 ], [ 14.69, 48.58 ], [ 14.82, 48.76 ], [ 14.95, 48.8 ], [ 15.02, 49.0 ], [ 15.54, 48.91 ], [ 15.75, 48.85 ], [ 16.29, 48.73 ], [ 16.55, 48.81 ], [ 16.89, 48.71 ], [ 16.94, 48.62 ], [ 17.17, 48.85 ], [ 17.4, 48.81 ], [ 17.65, 48.85 ], [ 18.07, 49.05 ], [ 18.17, 49.26 ], [ 18.32, 49.32 ], [ 18.4, 49.4 ], [ 18.58, 49.5 ], [ 18.85, 49.52 ], [ 18.8, 49.66 ], [ 18.61, 49.75 ], [ 18.58, 49.91 ], [ 18.33, 49.93 ], [ 18.04, 50.07 ], [ 17.84, 49.99 ], [ 17.65, 50.13 ], [ 17.74, 50.21 ], [ 17.73, 50.29 ], [ 17.43, 50.25 ], [ 16.91, 50.45 ], [ 16.89, 50.41 ], [ 17.0, 50.27 ], [ 16.86, 50.2 ], [ 16.71, 50.12 ], [ 16.58, 50.14 ], [ 16.51, 50.26 ], [ 16.25, 50.43 ], [ 16.41, 50.6 ], [ 16.11, 50.66 ], [ 16.03, 50.63 ], [ 15.81, 50.74 ], [ 15.54, 50.78 ], [ 15.38, 50.8 ], [ 15.24, 50.98 ], [ 15.07, 51.01 ], [ 14.98, 50.88 ], [ 14.82, 50.87 ], [ 14.76, 50.83 ], [ 14.62, 50.86 ], [ 14.58, 50.98 ] ] ] ] } },
{ "type": "Feature", "properties": { "ISO3_CODE": "DEU", "NAME_ENGL": "Germany" }, "geometry": { "type": "MultiPolygon", "coordinates": [ [ [ [ 8.64, 54.91 ], [ 8.65, 54.82 ], [ 8.86, 54.58 ], [ 8.86, 54.44 ], [ 8.69, 54.33 ], [ 8.84, 54.27 ], [ 8.83, 54.16 ], [ 8.94, 54.08 ], [ 8.85, 54.02 ], [ 8.89, 53.96 ], [ 8.99, 53.9 ], [ 9.2, 53.89 ], [ 9.52, 53.71 ], [ 9.58, 53.62 ], [ 9.73, 53.57 ], [ 9.77, 53.55 ], [ 9.57, 53.6 ], [ 9.4, 53.75 ], [ 9.26, 53.85 ], [ 9.03, 53.83 ], [ 8.65, 53.88 ], [ 8.52, 53.75 ], [ 8.52, 53.61 ], [ 8.52, 53.59 ], [ 8.56, 53.55 ], [ 8.55, 53.52 ], [ 8.29, 53.6 ], [ 8.24, 53.55 ], [ 8.3, 53.47 ], [ 8.2, 53.41 ], [ 8.06, 53.51 ], [ 8.13, 53.51 ], [ 8.16, 53.53 ], [ 8.14, 53.59 ], [ 8.09, 53.64 ], [ 8.01, 53.7 ], [ 7.81, 53.71 ], [ 7.55, 53.68 ], [ 7.21, 53.65 ], [ 7.05, 53.5 ], [ 7.0, 53.36 ], [ 7.04, 53.34 ], [ 7.3, 53.32 ], [ 7.21, 53.24 ], [ 7.2, 53.11 ], [ 7.19, 52.97 ], [ 7.09, 52.84 ], [ 7.01, 52.64 ], [ 6.71, 52.63 ], [ 6.7, 52.49 ], [ 7.0, 52.44 ], [ 7.07, 52.24 ], [ 6.76, 52.12 ], [ 6.78, 51.94 ], [ 6.41, 51.83 ], [ 6.17, 51.9 ], [ 5.99, 51.82 ], [ 5.95, 51.75 ], [ 6.19, 51.52 ], [ 6.22, 51.36 ], [ 6.07, 51.24 ], [ 6.17, 51.18 ], [ 5.88, 51.03 ], [ 6.09, 50.91 ], [ 6.02, 50.75 ], [ 6.19, 50.64 ], [ 6.19, 50.57 ], [ 6.19, 50.52 ], [ 6.32, 50.5 ], [ 6.41, 50.32 ], [ 6.2, 50.23 ], [ 6.14, 50.13 ], [ 6.14, 50.02 ], [ 6.3, 49.86 ], [ 6.47, 49.82 ], [ 6.5, 49.73 ], [ 6.38, 49.55 ], [ 6.37, 49.47 ], [ 6.56, 49.42 ], [ 6.72, 49.22 ], [ 6.78, 49.16 ], [ 6.93, 49.22 ], [ 7.1, 49.16 ], [ 7.25, 49.12 ], [ 7.37, 49.16 ], [ 7.48, 49.16 ], [ 7.64, 49.05 ], [ 7.91, 49.05 ], [ 8.07, 49.0 ], [ 8.23, 48.97 ], [ 7.96, 48.72 ], [ 7.82, 48.61 ], [ 7.73, 48.38 ], [ 7.68, 48.26 ], [ 7.58, 48.12 ], [ 7.58, 48.12 ], [ 7.6, 47.97 ], [ 7.55, 47.74 ], [ 7.59, 47.59 ], [ 7.63, 47.56 ], [ 7.71, 47.54 ], [ 7.89, 47.59 ], [ 8.02, 47.56 ], [ 8.23, 47.61 ], [ 8.43, 47.57 ], [ 8.61, 47.67 ], [ 8.44, 47.68 ], [ 8.51, 47.78 ], [ 8.61, 47.8 ], [ 8.72, 47.75 ], [ 8.66, 47.69 ], [ 8.67, 47.68 ], [ 8.8, 47.68 ], [ 8.82, 47.7 ], [ 8.85, 47.7 ], [ 8.87, 47.65 ], [ 9.18, 47.66 ], [ 9.51, 47.55 ], [ 9.56, 47.54 ], [ 9.97, 47.55 ], [ 10.0, 47.48 ], [ 10.2, 47.36 ], [ 10.18, 47.27 ], [ 10.43, 47.39 ], [ 10.45, 47.56 ], [ 10.81, 47.52 ], [ 10.89, 47.54 ], [ 10.99, 47.4 ], [ 11.02, 47.4 ], [ 11.42, 47.44 ], [ 11.41, 47.5 ], [ 11.56, 47.52 ], [ 11.63, 47.59 ], [ 12.06, 47.62 ], [ 12.34, 47.7 ], [ 12.58, 47.63 ], [ 12.7, 47.68 ], [ 12.91, 47.5 ], [ 13.05, 47.52 ], [ 13.08, 47.67 ], [ 12.93, 47.74 ], [ 12.98, 47.86 ], [ 12.88, 47.96 ], [ 12.86, 48.0 ], [ 12.75, 48.11 ], [ 12.94, 48.21 ], [ 13.18, 48.29 ], [ 13.41, 48.38 ], [ 13.44, 48.55 ], [ 13.51, 48.59 ], [ 13.73, 48.51 ], [ 13.81, 48.61 ], [ 13.8, 48.71 ], [ 13.84, 48.77 ], [ 13.55, 48.97 ], [ 13.42, 48.98 ], [ 13.17, 49.17 ], [ 12.98, 49.32 ], [ 12.79, 49.36 ], [ 12.63, 49.48 ], [ 12.64, 49.52 ], [ 12.59, 49.54 ], [ 12.4, 49.76 ], [ 12.55, 49.91 ], [ 12.26, 50.06 ], [ 12.16, 50.22 ], [ 12.1, 50.32 ], [ 12.17, 50.31 ], [ 12.32, 50.18 ], [ 12.41, 50.32 ], [ 12.58, 50.41 ], [ 12.81, 50.45 ], [ 12.95, 50.4 ], [ 13.05, 50.5 ], [ 13.5, 50.63 ], [ 13.65, 50.73 ], [ 13.83, 50.73 ], [ 14.36, 50.9 ], [ 14.28, 51.0 ], [ 14.32, 51.05 ], [ 14.49, 51.04 ], [ 14.58, 50.98 ], [ 14.62, 50.86 ], [ 14.76, 50.83 ], [ 14.82, 50.87 ], [ 15.0, 51.14 ], [ 15.02, 51.28 ], [ 14.97, 51.36 ], [ 14.93, 51.47 ], [ 14.73, 51.58 ], [ 14.74, 51.66 ], [ 14.61, 51.83 ], [ 14.72, 52.0 ], [ 14.76, 52.07 ], [ 14.7, 52.23 ], [ 14.6, 52.27 ], [ 14.53, 52.4 ], [ 14.63, 52.52 ], [ 14.57, 52.62 ], [ 14.44, 52.68 ], [ 14.16, 52.83 ], [ 14.16, 52.9 ], [ 14.14, 52.96 ], [ 14.35, 53.07 ], [ 14.41, 53.33 ], [ 14.27, 53.7 ], [ 14.27, 53.75 ], [ 14.09, 53.76 ], [ 14.03, 53.8 ], [ 14.05, 53.83 ], [ 14.21, 53.87 ], [ 14.23, 53.93 ], [ 14.1, 54.0 ], [ 13.98, 53.98 ], [ 13.82, 54.15 ], [ 13.74, 54.14 ], [ 13.47, 54.11 ], [ 13.32, 54.19 ], [ 13.6, 54.35 ], [ 13.56, 54.45 ], [ 13.64, 54.57 ], [ 13.51, 54.57 ], [ 13.46, 54.52 ], [ 13.3, 54.6 ], [ 13.13, 54.3 ], [ 12.99, 54.4 ], [ 12.8, 54.38 ], [ 12.57, 54.44 ], [ 12.29, 54.27 ], [ 12.21, 54.24 ], [ 12.11, 54.18 ], [ 12.0, 54.17 ], [ 11.67, 54.14 ], [ 11.56, 54.03 ], [ 11.45, 53.9 ], [ 11.37, 53.96 ], [ 11.14, 54.0 ], [ 10.9, 53.96 ], [ 10.84, 53.99 ], [ 10.78, 54.06 ], [ 11.06, 54.19 ], [ 11.07, 54.31 ], [ 10.95, 54.37 ], [ 10.73, 54.31 ], [ 10.34, 54.43 ], [ 10.17, 54.35 ], [ 10.17, 54.43 ], [ 9.98, 54.48 ], [ 10.03, 54.64 ], [ 9.95, 54.77 ], [ 9.49, 54.82 ], [ 9.42, 54.82 ], [ 9.42, 54.83 ], [ 9.3, 54.81 ], [ 9.11, 54.87 ], [ 8.64, 54.91 ] ] ], [ [ [ 11.16, 54.52 ], [ 11.0, 54.47 ], [ 11.15, 54.39 ], [ 11.27, 54.43 ], [ 11.16, 54.52 ] ] ], [ [ [ 8.71, 54.51 ], [ 8.72, 54.55 ], [ 8.69, 54.56 ], [ 8.56, 54.52 ], [ 8.61, 54.48 ], [ 8.67, 54.48 ], [ 8.71, 54.51 ] ] ], [ [ [ 8.55, 54.76 ], [ 8.45, 54.71 ], [ 8.54, 54.67 ], [ 8.63, 54.71 ], [ 8.55, 54.76 ] ] ], [ [ [ 8.45, 54.01 ], [ 8.36, 53.93 ], [ 8.46, 53.91 ], [ 8.51, 54.01 ], [ 8.45, 54.01 ] ] ], [ [ [ 8.35, 54.73 ], [ 8.25, 54.67 ], [ 8.33, 54.61 ], [ 8.38, 54.63 ], [ 8.35, 54.73 ] ] ], [ [ [ 8.36, 54.98 ], [ 8.31, 54.95 ], [ 8.27, 54.86 ], [ 8.32, 54.85 ], [ 8.38, 54.88 ], [ 8.36, 54.98 ] ] ], [ [ [ 6.73, 53.63 ], [ 6.62, 53.6 ], [ 6.69, 53.55 ], [ 6.78, 53.55 ], [ 6.73, 53.63 ] ] ] ] } },
{ "type": "Feature", "properties": { "ISO3_CODE": "DNK", "NAME_ENGL": "Denmark" }, "geometry": { "type": "MultiPolygon", "coordinates": [ [ [ [ 15.16, 55.12 ], [ 14.77, 55.29 ], [ 14.71, 55.22 ], [ 14.7, 55.12 ], [ 14.77, 55.06 ], [ 15.05, 54.99 ], [ 15.11, 55.02 ], [ 15.16, 55.12 ] ] ], [ [ [ 12.74, 55.68 ], [ 12.68, 55.6 ], [ 12.81, 55.59 ], [ 12.78, 55.69 ], [ 12.74, 55.68 ] ] ], [ [ [ 12.58, 55.81 ], [ 12.54, 55.92 ], [ 12.59, 56.05 ], [ 12.27, 56.12 ], [ 11.88, 55.98 ], [ 11.94, 55.86 ], [ 11.88, 55.74 ], [ 11.78, 55.66 ], [ 11.72, 55.87 ], [ 11.64, 55.93 ], [ 11.1, 55.7 ], [ 11.22, 55.29 ], [ 11.69, 55.13 ], [ 11.84, 54.99 ], [ 11.56, 54.87 ], [ 11.13, 54.92 ], [ 11.07, 54.86 ], [ 11.09, 54.77 ], [ 11.48, 54.63 ], [ 11.76, 54.65 ], [ 11.89, 54.72 ], [ 11.98, 54.66 ], [ 12.34, 54.94 ], [ 12.16, 55.09 ], [ 12.17, 55.19 ], [ 12.37, 55.32 ], [ 12.22, 55.43 ], [ 12.23, 55.52 ], [ 12.36, 55.59 ], [ 12.5, 55.64 ], [ 12.57, 55.57 ], [ 12.65, 55.59 ], [ 12.58, 55.72 ], [ 12.58, 55.81 ] ] ], [ [ [ 11.58, 56.75 ], [ 11.49, 56.71 ], [ 11.6, 56.66 ], [ 11.66, 56.71 ], [ 11.58, 56.75 ] ] ], [ [ [ 11.02, 57.32 ], [ 10.89, 57.25 ], [ 11.02, 57.22 ], [ 11.12, 57.29 ], [ 11.02, 57.32 ] ] ], [ [ [ 10.48, 57.69 ], [ 9.94, 57.57 ], [ 9.39, 57.17 ], [ 8.58, 57.09 ], [ 8.38, 56.96 ], [ 8.27, 56.82 ], [ 8.38, 56.71 ], [ 8.61, 56.85 ], [ 8.61, 56.72 ], [ 8.72, 56.69 ], [ 8.84, 56.77 ], [ 8.96, 56.98 ], [ 9.13, 57.02 ], [ 9.21, 56.97 ], [ 9.21, 56.8 ], [ 9.32, 56.67 ], [ 9.1, 56.59 ], [ 9.13, 56.72 ], [ 9.0, 56.82 ], [ 8.76, 56.65 ], [ 8.68, 56.48 ], [ 8.59, 56.55 ], [ 8.56, 56.67 ], [ 8.5, 56.66 ], [ 8.49, 56.55 ], [ 8.19, 56.65 ], [ 8.14, 56.56 ], [ 8.19, 56.38 ], [ 8.13, 56.15 ], [ 8.34, 55.94 ], [ 8.17, 55.82 ], [ 8.1, 55.56 ], [ 8.21, 55.52 ], [ 8.3, 55.56 ], [ 8.43, 55.36 ], [ 8.49, 55.44 ], [ 8.6, 55.43 ], [ 8.68, 55.17 ], [ 8.64, 54.91 ], [ 9.11, 54.87 ], [ 9.3, 54.81 ], [ 9.42, 54.83 ], [ 9.59, 54.89 ], [ 9.71, 54.85 ], [ 9.82, 54.91 ], [ 10.04, 54.88 ], [ 9.98, 54.99 ], [ 9.84, 55.05 ], [ 9.56, 55.04 ], [ 9.53, 55.17 ], [ 9.69, 55.23 ], [ 9.61, 55.4 ], [ 9.78, 55.61 ], [ 9.67, 55.71 ], [ 9.95, 55.69 ], [ 10.19, 55.87 ], [ 10.27, 55.97 ], [ 10.24, 56.16 ], [ 10.38, 56.28 ], [ 10.45, 56.26 ], [ 10.38, 56.19 ], [ 10.51, 56.12 ], [ 10.61, 56.22 ], [ 10.73, 56.16 ], [ 10.93, 56.39 ], [ 10.88, 56.49 ], [ 10.83, 56.53 ], [ 10.73, 56.53 ], [ 10.5, 56.51 ], [ 10.36, 56.56 ], [ 10.33, 56.68 ], [ 10.19, 56.68 ], [ 10.29, 56.73 ], [ 10.3, 56.94 ], [ 10.53, 57.25 ], [ 10.48, 57.69 ] ] ], [ [ [ 9.71, 55.51 ], [ 9.95, 55.2 ], [ 10.09, 55.17 ], [ 10.16, 55.06 ], [ 10.59, 54.97 ], [ 10.77, 55.12 ], [ 10.79, 55.32 ], [ 10.65, 55.57 ], [ 10.51, 55.5 ], [ 10.25, 55.61 ], [ 9.71, 55.51 ] ] ], [ [ [ 10.43, 54.74 ], [ 10.56, 54.66 ], [ 10.68, 54.66 ], [ 10.78, 54.84 ], [ 10.43, 54.74 ] ] ], [ [ [ 10.56, 56.01 ], [ 10.48, 55.96 ], [ 10.53, 55.81 ], [ 10.61, 55.79 ], [ 10.67, 55.92 ], [ 10.56, 56.01 ] ] ], [ [ [ 10.45, 54.91 ], [ 10.34, 54.87 ], [ 10.45, 54.82 ], [ 10.53, 54.87 ], [ 10.45, 54.91 ] ] ], [ [ [ 8.58, 55.21 ], [ 8.5, 55.2 ], [ 8.45, 55.08 ], [ 8.57, 55.1 ], [ 8.58, 55.21 ] ] ] ] } },
{ "type": "Feature", "properties": { "ISO3_CODE": "EST", "NAME_ENGL": "Estonia" }, "geometry": { "type": "MultiPolygon", "coordinates": [ [ [ [ 25.42, 59.51 ], [ 24.85, 59.55 ], [ 24.76, 59.47 ], [ 24.42, 59.46 ], [ 24.09, 59.37 ], [ 24.07, 59.29 ], [ 23.94, 59.36 ], [ 23.73, 59.24 ], [ 23.53, 59.21 ], [ 23.52, 59.1 ], [ 23.44, 59.06 ], [ 23.5, 58.95 ], [ 23.45, 58.9 ], [ 23.64, 58.76 ], [ 23.53, 58.69 ], [ 23.53, 58.62 ], [ 23.74, 58.36 ], [ 24.11, 58.23 ], [ 24.34, 58.37 ], [ 24.54, 58.35 ], [ 24.46, 58.05 ], [ 24.35, 57.88 ], [ 25.05, 58.04 ], [ 25.33, 58.05 ], [ 26.02, 57.85 ], [ 26.29, 57.61 ], [ 26.55, 57.53 ], [ 26.93, 57.62 ], [ 27.35, 57.52 ], [ 27.4, 57.66 ], [ 27.55, 57.8 ], [ 27.72, 57.86 ], [ 27.7, 57.99 ], [ 27.7, 58.0 ], [ 27.69, 58.0 ], [ 27.69, 58.0 ], [ 27.68, 58.01 ], [ 27.5, 58.24 ], [ 27.54, 58.4 ], [ 27.36, 58.79 ], [ 27.45, 58.83 ], [ 27.52, 58.87 ], [ 27.65, 58.93 ], [ 27.74, 58.98 ], [ 27.86, 59.16 ], [ 28.17, 59.35 ], [ 28.04, 59.47 ], [ 27.85, 59.4 ], [ 26.96, 59.44 ], [ 26.67, 59.54 ], [ 26.48, 59.52 ], [ 26.03, 59.61 ], [ 25.83, 59.56 ], [ 25.73, 59.63 ], [ 25.42, 59.51 ] ] ], [ [ [ 24.52, 59.63 ], [ 24.43, 59.58 ], [ 24.52, 59.52 ], [ 24.59, 59.52 ], [ 24.52, 59.63 ] ] ], [ [ [ 23.96, 58.17 ], [ 23.91, 58.1 ], [ 24.0, 58.08 ], [ 24.05, 58.17 ], [ 23.96, 58.17 ] ] ], [ [ [ 23.24, 59.05 ], [ 23.14, 58.98 ], [ 23.24, 58.95 ], [ 23.31, 59.04 ], [ 23.24, 59.05 ] ] ], [ [ [ 23.0, 58.37 ], [ 23.28, 58.6 ], [ 23.18, 58.65 ], [ 22.55, 58.61 ], [ 21.79, 58.37 ], [ 22.07, 58.15 ], [ 22.13, 58.02 ], [ 22.35, 58.17 ], [ 23.0, 58.37 ] ] ], [ [ [ 23.04, 58.84 ], [ 22.93, 58.97 ], [ 22.65, 59.08 ], [ 22.43, 58.96 ], [ 22.15, 58.93 ], [ 22.19, 58.89 ], [ 22.43, 58.87 ], [ 22.48, 58.73 ], [ 22.58, 58.69 ], [ 22.77, 58.8 ], [ 23.04, 58.84 ] ] ] ] } },
{ "type": "Feature", "properties": { "ISO3_CODE": "GRC", "NAME_ENGL": "Greece" }, "geometry": { "type": "MultiPolygon", "coordinates": [ [ [ [ 24.1, 34.89 ], [ 24.17, 34.84 ], [ 24.09, 34.8 ], [ 24.0, 34.85 ], [ 24.1, 34.89 ] ] ], [ [ [ 23.23, 35.91 ], [ 23.34, 35.9 ], [ 23.36, 35.8 ], [ 23.28, 35.83 ], [ 23.23, 35.91 ] ] ], [ [ [ 22.93, 36.17 ], [ 22.88, 36.33 ], [ 22.95, 36.37 ], [ 23.07, 36.26 ], [ 23.04, 36.14 ], [ 22.93, 36.17 ] ] ], [ [ [ 24.41, 36.76 ], [ 24.53, 36.7 ], [ 24.43, 36.65 ], [ 24.27, 36.7 ], [ 24.41, 36.76 ] ] ], [ [ [ 22.73, 37.5 ], [ 22.83, 37.3 ], [ 22.98, 37.05 ], [ 23.08, 36.81 ], [ 23.04, 36.65 ], [ 23.15, 36.5 ], [ 23.12, 36.44 ], [ 22.7, 36.8 ], [ 22.55, 36.73 ], [ 22.48, 36.46 ], [ 22.4, 36.47 ], [ 22.31, 36.78 ], [ 22.09, 37.03 ], [ 21.94, 36.97 ], [ 21.91, 36.75 ], [ 21.73, 36.81 ], [ 21.57, 37.09 ], [ 21.65, 37.25 ], [ 21.68, 37.38 ], [ 21.54, 37.55 ], [ 21.15, 37.85 ], [ 21.15, 37.93 ], [ 21.35, 38.1 ], [ 21.39, 38.2 ], [ 21.63, 38.16 ], [ 21.85, 38.33 ], [ 22.09, 38.26 ], [ 22.37, 38.14 ], [ 22.53, 38.12 ], [ 22.77, 38.0 ], [ 22.81, 37.96 ], [ 22.89, 37.93 ], [ 22.96, 37.96 ], [ 22.94, 38.0 ], [ 22.94, 38.07 ], [ 23.12, 38.06 ], [ 23.21, 38.13 ], [ 23.13, 38.17 ], [ 22.93, 38.19 ], [ 22.61, 38.36 ], [ 22.58, 38.31 ], [ 22.45, 38.41 ], [ 22.35, 38.35 ], [ 22.09, 38.37 ], [ 21.85, 38.37 ], [ 21.51, 38.31 ], [ 21.38, 38.38 ], [ 21.17, 38.31 ], [ 21.02, 38.61 ], [ 20.86, 38.78 ], [ 20.75, 38.82 ], [ 20.85, 38.93 ], [ 21.09, 38.89 ], [ 21.15, 38.97 ], [ 21.11, 39.05 ], [ 20.81, 39.06 ], [ 20.73, 38.97 ], [ 20.48, 39.27 ], [ 20.46, 39.27 ], [ 20.34, 39.29 ], [ 20.3, 39.32 ], [ 20.16, 39.61 ], [ 20.01, 39.69 ], [ 20.05, 39.69 ], [ 20.13, 39.66 ], [ 20.21, 39.65 ], [ 20.27, 39.69 ], [ 20.3, 39.72 ], [ 20.3, 39.81 ], [ 20.39, 39.79 ], [ 20.34, 39.95 ], [ 20.4, 40.02 ], [ 20.61, 40.08 ], [ 20.78, 40.35 ], [ 20.8, 40.43 ], [ 20.95, 40.48 ], [ 21.06, 40.62 ], [ 20.98, 40.86 ], [ 21.12, 40.85 ], [ 21.24, 40.87 ], [ 21.5, 40.91 ], [ 21.79, 40.93 ], [ 21.91, 41.08 ], [ 21.93, 41.1 ], [ 22.09, 41.14 ], [ 22.22, 41.17 ], [ 22.33, 41.12 ], [ 22.61, 41.13 ], [ 22.67, 41.19 ], [ 22.75, 41.17 ], [ 22.76, 41.25 ], [ 22.76, 41.3 ], [ 22.78, 41.33 ], [ 22.8, 41.34 ], [ 22.88, 41.34 ], [ 22.93, 41.34 ], [ 23.62, 41.38 ], [ 24.02, 41.45 ], [ 24.06, 41.52 ], [ 24.52, 41.55 ], [ 24.78, 41.36 ], [ 24.89, 41.39 ], [ 25.18, 41.31 ], [ 25.22, 41.26 ], [ 25.91, 41.31 ], [ 25.95, 41.32 ], [ 26.11, 41.36 ], [ 26.17, 41.43 ], [ 26.09, 41.7 ], [ 26.36, 41.71 ], [ 26.4, 41.69 ], [ 26.58, 41.6 ], [ 26.58, 41.59 ], [ 26.59, 41.58 ], [ 26.61, 41.43 ], [ 26.62, 41.37 ], [ 26.6, 41.36 ], [ 26.4, 41.27 ], [ 26.34, 41.23 ], [ 26.34, 41.1 ], [ 26.35, 41.01 ], [ 26.33, 40.99 ], [ 26.33, 40.96 ], [ 26.29, 40.93 ], [ 26.29, 40.92 ], [ 26.05, 40.72 ], [ 26.06, 40.7 ], [ 26.03, 40.73 ], [ 25.94, 40.84 ], [ 25.63, 40.86 ], [ 25.14, 40.99 ], [ 24.81, 40.86 ], [ 24.65, 40.87 ], [ 24.5, 40.95 ], [ 24.12, 40.74 ], [ 23.87, 40.78 ], [ 23.77, 40.76 ], [ 23.72, 40.68 ], [ 23.76, 40.63 ], [ 23.87, 40.45 ], [ 24.01, 40.39 ], [ 24.19, 40.33 ], [ 24.38, 40.15 ], [ 24.31, 40.13 ], [ 24.16, 40.27 ], [ 24.01, 40.31 ], [ 23.9, 40.37 ], [ 23.74, 40.34 ], [ 23.71, 40.27 ], [ 23.98, 40.1 ], [ 24.0, 40.0 ], [ 23.94, 39.96 ], [ 23.77, 40.1 ], [ 23.62, 40.23 ], [ 23.41, 40.26 ], [ 23.32, 40.22 ], [ 23.0, 40.35 ], [ 22.87, 40.47 ], [ 22.96, 40.56 ], [ 22.93, 40.62 ], [ 22.68, 40.53 ], [ 22.66, 40.49 ], [ 22.61, 40.45 ], [ 22.64, 40.36 ], [ 22.57, 40.1 ], [ 22.66, 39.98 ], [ 22.7, 39.95 ], [ 22.74, 39.87 ], [ 22.85, 39.8 ], [ 22.92, 39.6 ], [ 23.09, 39.5 ], [ 23.17, 39.41 ], [ 23.32, 39.23 ], [ 23.3, 39.15 ], [ 23.23, 39.15 ], [ 23.13, 39.29 ], [ 22.98, 39.34 ], [ 22.84, 39.26 ], [ 23.02, 39.0 ], [ 22.79, 38.84 ], [ 23.22, 38.66 ], [ 23.33, 38.53 ], [ 23.33, 38.5 ], [ 23.5, 38.58 ], [ 23.07, 38.88 ], [ 23.28, 38.99 ], [ 23.61, 38.78 ], [ 24.11, 38.63 ], [ 24.27, 38.28 ], [ 24.49, 38.14 ], [ 24.53, 38.03 ], [ 24.45, 37.99 ], [ 24.27, 38.03 ], [ 23.99, 38.37 ], [ 23.66, 38.35 ], [ 23.69, 38.34 ], [ 24.05, 38.21 ], [ 24.0, 38.09 ], [ 24.02, 38.0 ], [ 24.08, 37.77 ], [ 24.03, 37.66 ], [ 23.95, 37.66 ], [ 23.88, 37.77 ], [ 23.74, 37.85 ], [ 23.67, 37.94 ], [ 23.51, 37.9 ], [ 23.43, 37.89 ], [ 23.41, 37.97 ], [ 23.25, 37.97 ], [ 23.18, 37.95 ], [ 23.07, 37.89 ], [ 23.13, 37.81 ], [ 23.12, 37.73 ], [ 23.2, 37.6 ], [ 23.32, 37.56 ], [ 23.34, 37.63 ], [ 23.4, 37.63 ], [ 23.5, 37.46 ], [ 23.42, 37.41 ], [ 23.3, 37.39 ], [ 23.2, 37.3 ], [ 23.14, 37.3 ], [ 23.14, 37.3 ], [ 23.09, 37.44 ], [ 22.76, 37.57 ], [ 22.73, 37.5 ] ] ], [ [ [ 23.22, 37.25 ], [ 23.15, 37.2 ], [ 23.06, 37.26 ], [ 23.13, 37.31 ], [ 23.14, 37.3 ], [ 23.14, 37.3 ], [ 23.14, 37.3 ], [ 23.22, 37.25 ] ] ], [ [ [ 24.31, 37.68 ], [ 24.41, 37.67 ], [ 24.31, 37.53 ], [ 24.24, 37.57 ], [ 24.31, 37.68 ] ] ], [ [ [ 23.44, 37.69 ], [ 23.42, 37.74 ], [ 23.51, 37.78 ], [ 23.55, 37.75 ], [ 23.49, 37.68 ], [ 23.44, 37.69 ] ] ], [ [ [ 20.72, 37.91 ], [ 20.91, 37.73 ], [ 20.8, 37.67 ], [ 20.59, 37.88 ], [ 20.72, 37.91 ] ] ], [ [ [ 20.55, 38.11 ], [ 20.35, 38.21 ], [ 20.41, 38.31 ], [ 20.57, 38.39 ], [ 20.79, 38.1 ], [ 20.55, 38.11 ] ] ], [ [ [ 20.59, 38.46 ], [ 20.69, 38.45 ], [ 20.79, 38.29 ], [ 20.69, 38.3 ], [ 20.59, 38.46 ] ] ], [ [ [ 20.81, 38.63 ], [ 20.9, 38.58 ], [ 20.8, 38.54 ], [ 20.73, 38.59 ], [ 20.81, 38.63 ] ] ], [ [ [ 20.7, 38.84 ], [ 20.72, 38.64 ], [ 20.53, 38.59 ], [ 20.59, 38.77 ], [ 20.7, 38.84 ] ] ], [ [ [ 23.67, 39.08 ], [ 23.63, 39.15 ], [ 23.68, 39.16 ], [ 23.79, 39.11 ], [ 23.74, 39.07 ], [ 23.67, 39.08 ] ] ], [ [ [ 23.11, 39.19 ], [ 23.14, 39.1 ], [ 23.06, 39.08 ], [ 23.03, 39.18 ], [ 23.11, 39.19 ] ] ], [ [ [ 23.47, 39.21 ], [ 23.55, 39.16 ], [ 23.49, 39.11 ], [ 23.38, 39.17 ], [ 23.47, 39.21 ] ] ], [ [ [ 23.93, 39.28 ], [ 23.98, 39.29 ], [ 23.91, 39.16 ], [ 23.83, 39.19 ], [ 23.93, 39.28 ] ] ], [ [ [ 24.13, 39.36 ], [ 24.1, 39.3 ], [ 23.99, 39.29 ], [ 24.06, 39.39 ], [ 24.13, 39.36 ] ] ], [ [ [ 24.11, 39.47 ], [ 24.15, 39.54 ], [ 24.22, 39.56 ], [ 24.23, 39.49 ], [ 24.2, 39.44 ], [ 24.11, 39.47 ] ] ], [ [ [ 19.6, 39.77 ], [ 19.89, 39.78 ], [ 19.96, 39.45 ], [ 19.85, 39.49 ], [ 19.6, 39.77 ] ] ], [ [ [ 23.43, 40.13 ], [ 23.57, 39.96 ], [ 23.39, 39.96 ], [ 23.22, 40.11 ], [ 23.43, 40.13 ] ] ], [ [ [ 25.49, 35.3 ], [ 25.71, 35.33 ], [ 25.78, 35.12 ], [ 26.24, 35.26 ], [ 26.29, 35.2 ], [ 26.25, 35.07 ], [ 26.17, 35.02 ], [ 25.55, 34.99 ], [ 24.97, 34.93 ], [ 24.78, 34.94 ], [ 24.72, 35.09 ], [ 24.29, 35.18 ], [ 23.61, 35.24 ], [ 23.53, 35.33 ], [ 23.58, 35.52 ], [ 23.7, 35.52 ], [ 23.75, 35.66 ], [ 23.85, 35.54 ], [ 24.16, 35.58 ], [ 24.32, 35.35 ], [ 24.93, 35.41 ], [ 24.97, 35.43 ], [ 25.09, 35.34 ], [ 25.49, 35.3 ] ] ], [ [ [ 25.43, 36.45 ], [ 25.49, 36.4 ], [ 25.44, 36.33 ], [ 25.33, 36.38 ], [ 25.43, 36.45 ] ] ], [ [ [ 24.94, 36.67 ], [ 24.98, 36.59 ], [ 24.91, 36.57 ], [ 24.83, 36.62 ], [ 24.94, 36.67 ] ] ], [ [ [ 25.1, 36.72 ], [ 25.2, 36.72 ], [ 25.13, 36.64 ], [ 25.04, 36.65 ], [ 25.1, 36.72 ] ] ], [ [ [ 25.29, 36.79 ], [ 25.41, 36.69 ], [ 25.35, 36.65 ], [ 25.23, 36.73 ], [ 25.29, 36.79 ] ] ], [ [ [ 24.56, 36.85 ], [ 24.63, 36.8 ], [ 24.56, 36.75 ], [ 24.48, 36.8 ], [ 24.56, 36.85 ] ] ], [ [ [ 24.7, 37.03 ], [ 24.77, 36.94 ], [ 24.7, 36.91 ], [ 24.63, 36.99 ], [ 24.7, 37.03 ] ] ], [ [ [ 25.34, 37.07 ], [ 25.51, 37.21 ], [ 25.6, 37.14 ], [ 25.57, 36.98 ], [ 25.48, 36.91 ], [ 25.34, 37.07 ] ] ], [ [ [ 25.17, 37.13 ], [ 25.3, 37.11 ], [ 25.21, 37.0 ], [ 25.03, 37.03 ], [ 25.17, 37.13 ] ] ], [ [ [ 24.48, 37.22 ], [ 24.54, 37.19 ], [ 24.51, 37.11 ], [ 24.4, 37.15 ], [ 24.48, 37.22 ] ] ], [ [ [ 24.41, 37.46 ], [ 24.47, 37.41 ], [ 24.4, 37.31 ], [ 24.36, 37.43 ], [ 24.41, 37.46 ] ] ], [ [ [ 25.27, 37.45 ], [ 25.28, 37.38 ], [ 25.18, 37.32 ], [ 25.19, 37.43 ], [ 25.27, 37.45 ] ] ], [ [ [ 24.93, 37.49 ], [ 24.98, 37.41 ], [ 24.87, 37.35 ], [ 24.89, 37.47 ], [ 24.93, 37.49 ] ] ], [ [ [ 25.35, 37.5 ], [ 25.44, 37.47 ], [ 25.37, 37.4 ], [ 25.28, 37.44 ], [ 25.35, 37.5 ] ] ], [ [ [ 25.18, 37.64 ], [ 25.29, 37.58 ], [ 25.18, 37.53 ], [ 25.03, 37.6 ], [ 25.18, 37.64 ] ] ], [ [ [ 24.73, 37.87 ], [ 24.68, 37.96 ], [ 24.84, 37.94 ], [ 24.97, 37.82 ], [ 24.98, 37.73 ], [ 24.73, 37.87 ] ] ], [ [ [ 25.62, 38.61 ], [ 25.63, 38.53 ], [ 25.56, 38.52 ], [ 25.5, 38.61 ], [ 25.62, 38.61 ] ] ], [ [ [ 24.52, 38.97 ], [ 24.67, 38.78 ], [ 24.59, 38.76 ], [ 24.41, 38.88 ], [ 24.52, 38.97 ] ] ], [ [ [ 25.0, 39.58 ], [ 25.07, 39.55 ], [ 24.99, 39.45 ], [ 24.94, 39.5 ], [ 25.0, 39.58 ] ] ], [ [ [ 25.43, 39.97 ], [ 25.33, 39.8 ], [ 25.24, 39.89 ], [ 25.17, 39.81 ], [ 25.06, 39.85 ], [ 25.04, 39.96 ], [ 25.18, 40.0 ], [ 25.43, 39.97 ] ] ], [ [ [ 25.62, 40.51 ], [ 25.72, 40.44 ], [ 25.6, 40.39 ], [ 25.46, 40.46 ], [ 25.62, 40.51 ] ] ], [ [ [ 24.49, 40.66 ], [ 24.65, 40.81 ], [ 24.79, 40.68 ], [ 24.77, 40.6 ], [ 24.67, 40.56 ], [ 24.49, 40.66 ] ] ], [ [ [ 26.95, 35.42 ], [ 26.92, 35.35 ], [ 26.85, 35.35 ], [ 26.83, 35.45 ], [ 26.95, 35.42 ] ] ], [ [ [ 27.01, 35.61 ], [ 27.19, 35.68 ], [ 27.15, 35.42 ], [ 27.07, 35.47 ], [ 27.01, 35.61 ] ] ], [ [ [ 27.22, 35.91 ], [ 27.28, 35.84 ], [ 27.2, 35.81 ], [ 27.12, 35.87 ], [ 27.22, 35.91 ] ] ], [ [ [ 28.23, 36.41 ], [ 28.07, 36.08 ], [ 27.78, 35.89 ], [ 27.73, 35.93 ], [ 27.74, 35.97 ], [ 27.73, 36.15 ], [ 27.78, 36.21 ], [ 27.91, 36.33 ], [ 28.23, 36.41 ] ] ], [ [ [ 25.77, 36.43 ], [ 25.83, 36.38 ], [ 25.79, 36.33 ], [ 25.68, 36.36 ], [ 25.77, 36.43 ] ] ], [ [ [ 27.35, 36.49 ], [ 27.42, 36.42 ], [ 27.36, 36.39 ], [ 27.26, 36.43 ], [ 27.35, 36.49 ] ] ], [ [ [ 26.35, 36.61 ], [ 26.38, 36.54 ], [ 26.31, 36.51 ], [ 26.24, 36.59 ], [ 26.35, 36.61 ] ] ], [ [ [ 27.15, 36.63 ], [ 27.24, 36.6 ], [ 27.2, 36.55 ], [ 27.08, 36.56 ], [ 27.15, 36.63 ] ] ], [ [ [ 27.85, 36.65 ], [ 27.91, 36.59 ], [ 27.84, 36.55 ], [ 27.75, 36.6 ], [ 27.85, 36.65 ] ] ], [ [ [ 26.89, 36.71 ], [ 26.93, 36.79 ], [ 26.98, 36.79 ], [ 26.98, 36.68 ], [ 26.94, 36.67 ], [ 26.89, 36.71 ] ] ], [ [ [ 27.18, 36.91 ], [ 27.29, 36.88 ], [ 27.18, 36.78 ], [ 27.02, 36.82 ], [ 27.18, 36.91 ] ] ], [ [ [ 25.89, 36.92 ], [ 25.99, 36.91 ], [ 25.89, 36.78 ], [ 25.73, 36.8 ], [ 25.89, 36.92 ] ] ], [ [ [ 26.97, 37.03 ], [ 27.06, 36.98 ], [ 27.0, 36.93 ], [ 26.9, 36.95 ], [ 26.97, 37.03 ] ] ], [ [ [ 26.34, 37.04 ], [ 26.41, 36.98 ], [ 26.34, 36.93 ], [ 26.25, 36.98 ], [ 26.34, 37.04 ] ] ], [ [ [ 26.82, 37.23 ], [ 26.88, 37.17 ], [ 26.81, 37.13 ], [ 26.72, 37.19 ], [ 26.82, 37.23 ] ] ], [ [ [ 26.98, 37.51 ], [ 27.04, 37.46 ], [ 26.98, 37.4 ], [ 26.89, 37.49 ], [ 26.98, 37.51 ] ] ], [ [ [ 26.14, 37.66 ], [ 26.27, 37.61 ], [ 26.16, 37.54 ], [ 25.98, 37.59 ], [ 26.14, 37.66 ] ] ], [ [ [ 26.5, 37.65 ], [ 26.57, 37.63 ], [ 26.51, 37.55 ], [ 26.41, 37.56 ], [ 26.5, 37.65 ] ] ], [ [ [ 26.8, 37.83 ], [ 26.99, 37.71 ], [ 26.81, 37.62 ], [ 26.56, 37.74 ], [ 26.8, 37.83 ] ] ], [ [ [ 26.02, 38.16 ], [ 25.88, 38.24 ], [ 25.98, 38.36 ], [ 25.82, 38.55 ], [ 25.99, 38.61 ], [ 26.15, 38.54 ], [ 26.15, 38.32 ], [ 26.02, 38.16 ] ] ], [ [ [ 26.57, 39.02 ], [ 26.47, 38.96 ], [ 26.23, 38.99 ], [ 25.81, 39.21 ], [ 26.12, 39.36 ], [ 26.3, 39.38 ], [ 26.48, 39.2 ], [ 26.47, 39.09 ], [ 26.57, 39.02 ] ] ] ] } },
{ "type": "Feature", "properties": { "ISO3_CODE": "ESP", "NAME_ENGL": "Spain" }, "geometry": { "type": "MultiPolygon", "coordinates": [ [ [ [ 4.12, 40.09 ], [ 3.71, 39.99 ], [ 3.94, 39.87 ], [ 4.29, 39.96 ], [ 4.12, 40.09 ] ] ], [ [ [ 3.45, 39.71 ], [ 3.44, 39.72 ], [ 3.2, 39.78 ], [ 3.18, 39.88 ], [ 3.02, 39.92 ], [ 2.96, 39.91 ], [ 2.34, 39.59 ], [ 2.49, 39.49 ], [ 2.68, 39.52 ], [ 2.8, 39.38 ], [ 3.02, 39.31 ], [ 3.08, 39.29 ], [ 3.27, 39.4 ], [ 3.44, 39.69 ], [ 3.45, 39.71 ] ] ], [ [ [ -7.46, 43.72 ], [ -7.7, 43.74 ], [ -8.12, 43.63 ], [ -8.33, 43.38 ], [ -8.84, 43.31 ], [ -9.12, 43.14 ], [ -9.2, 42.95 ], [ -9.03, 42.75 ], [ -9.02, 42.59 ], [ -8.74, 42.65 ], [ -8.84, 42.45 ], [ -8.73, 42.26 ], [ -8.88, 42.1 ], [ -8.86, 41.87 ], [ -8.6, 42.05 ], [ -8.2, 42.15 ], [ -8.1, 42.04 ], [ -8.2, 41.92 ], [ -8.17, 41.82 ], [ -8.05, 41.82 ], [ -7.73, 41.9 ], [ -7.42, 41.83 ], [ -7.2, 41.88 ], [ -7.16, 41.97 ], [ -6.99, 41.97 ], [ -6.58, 41.94 ], [ -6.52, 41.68 ], [ -6.22, 41.6 ], [ -6.33, 41.4 ], [ -6.48, 41.29 ], [ -6.69, 41.21 ], [ -6.81, 41.06 ], [ -6.93, 41.03 ], [ -6.82, 40.86 ], [ -6.8, 40.36 ], [ -6.87, 40.27 ], [ -6.95, 40.26 ], [ -7.01, 40.16 ], [ -6.88, 39.98 ], [ -7.02, 39.69 ], [ -7.54, 39.66 ], [ -7.31, 39.46 ], [ -7.23, 39.28 ], [ -7.22, 39.21 ], [ -6.97, 39.02 ], [ -7.2, 38.75 ], [ -7.31, 38.46 ], [ -7.11, 38.19 ], [ -6.93, 38.21 ], [ -7.01, 38.04 ], [ -7.24, 37.96 ], [ -7.51, 37.53 ], [ -7.4, 37.17 ], [ -7.06, 37.2 ], [ -6.88, 37.15 ], [ -6.53, 36.98 ], [ -6.35, 36.8 ], [ -6.42, 36.74 ], [ -6.41, 36.68 ], [ -6.23, 36.57 ], [ -6.23, 36.42 ], [ -6.04, 36.2 ], [ -5.6, 36.02 ], [ -5.45, 36.07 ], [ -5.41, 36.16 ], [ -5.35, 36.15 ], [ -5.35, 36.15 ], [ -5.34, 36.15 ], [ -5.34, 36.15 ], [ -5.34, 36.15 ], [ -5.25, 36.31 ], [ -5.12, 36.43 ], [ -4.66, 36.51 ], [ -4.4, 36.71 ], [ -3.78, 36.74 ], [ -3.44, 36.71 ], [ -3.13, 36.75 ], [ -2.74, 36.69 ], [ -2.53, 36.82 ], [ -2.37, 36.83 ], [ -2.14, 36.74 ], [ -1.95, 36.98 ], [ -1.63, 37.38 ], [ -1.31, 37.55 ], [ -1.08, 37.58 ], [ -0.93, 37.59 ], [ -0.75, 37.61 ], [ -0.83, 37.73 ], [ -0.76, 37.85 ], [ -0.48, 38.33 ], [ 0.09, 38.66 ], [ 0.19, 38.78 ], [ -0.04, 38.89 ], [ -0.2, 39.08 ], [ -0.33, 39.41 ], [ -0.19, 39.72 ], [ 0.11, 40.06 ], [ 0.22, 40.18 ], [ 0.52, 40.52 ], [ 0.61, 40.61 ], [ 0.67, 40.63 ], [ 0.84, 40.69 ], [ 0.73, 40.81 ], [ 0.98, 41.03 ], [ 1.65, 41.2 ], [ 2.1, 41.29 ], [ 2.29, 41.46 ], [ 2.78, 41.65 ], [ 3.02, 41.8 ], [ 3.21, 41.92 ], [ 3.21, 42.0 ], [ 3.14, 42.18 ], [ 3.26, 42.31 ], [ 3.17, 42.43 ], [ 3.17, 42.44 ], [ 3.02, 42.45 ], [ 2.88, 42.46 ], [ 2.55, 42.34 ], [ 2.24, 42.43 ], [ 2.04, 42.36 ], [ 1.92, 42.45 ], [ 1.73, 42.49 ], [ 1.73, 42.5 ], [ 1.47, 42.45 ], [ 1.44, 42.6 ], [ 1.35, 42.71 ], [ 1.19, 42.75 ], [ 0.86, 42.83 ], [ 0.72, 42.84 ], [ 0.68, 42.75 ], [ 0.67, 42.68 ], [ 0.48, 42.7 ], [ 0.01, 42.7 ], [ -0.12, 42.75 ], [ -0.31, 42.85 ], [ -0.55, 42.8 ], [ -0.66, 42.86 ], [ -0.72, 42.92 ], [ -0.75, 42.96 ], [ -0.8, 42.96 ], [ -0.93, 42.99 ], [ -1.4, 43.06 ], [ -1.44, 43.25 ], [ -1.73, 43.3 ], [ -1.79, 43.35 ], [ -1.95, 43.33 ], [ -2.15, 43.3 ], [ -2.41, 43.32 ], [ -2.79, 43.42 ], [ -3.15, 43.35 ], [ -3.23, 43.38 ], [ -3.34, 43.42 ], [ -3.59, 43.5 ], [ -3.8, 43.43 ], [ -3.86, 43.48 ], [ -4.23, 43.39 ], [ -4.51, 43.39 ], [ -4.66, 43.4 ], [ -5.38, 43.55 ], [ -5.68, 43.55 ], [ -5.84, 43.64 ], [ -6.11, 43.56 ], [ -7.03, 43.54 ], [ -7.26, 43.58 ], [ -7.46, 43.72 ] ] ], [ [ [ 1.54, 39.12 ], [ 1.39, 39.09 ], [ 1.18, 38.96 ], [ 1.4, 38.84 ], [ 1.62, 39.07 ], [ 1.54, 39.12 ] ] ], [ [ [ 1.48, 38.75 ], [ 1.39, 38.74 ], [ 1.35, 38.65 ], [ 1.46, 38.66 ], [ 1.48, 38.75 ] ] ], [ [ [ -2.94, 35.29 ], [ -2.93, 35.29 ], [ -2.95, 35.31 ], [ -2.95, 35.31 ], [ -2.95, 35.32 ], [ -2.96, 35.28 ], [ -2.93, 35.27 ], [ -2.94, 35.28 ], [ -2.94, 35.29 ] ] ], [ [ [ -5.37, 35.92 ], [ -5.38, 35.92 ], [ -5.38, 35.91 ], [ -5.34, 35.87 ], [ -5.36, 35.91 ], [ -5.37, 35.92 ] ] ], [ [ [ -13.44, 29.25 ], [ -13.49, 29.28 ], [ -13.54, 29.15 ], [ -13.79, 29.06 ], [ -13.9, 28.88 ], [ -13.79, 28.85 ], [ -13.49, 29.0 ], [ -13.44, 29.25 ] ] ], [ [ [ -13.83, 28.54 ], [ -13.87, 28.7 ], [ -14.0, 28.67 ], [ -14.4, 28.1 ], [ -14.26, 28.09 ], [ -13.94, 28.27 ], [ -13.83, 28.54 ] ] ], [ [ [ -15.37, 27.95 ], [ -15.43, 28.12 ], [ -15.55, 28.16 ], [ -15.69, 28.15 ], [ -15.84, 27.97 ], [ -15.79, 27.84 ], [ -15.62, 27.74 ], [ -15.43, 27.81 ], [ -15.37, 27.95 ] ] ], [ [ [ -16.19, 28.54 ], [ -16.33, 28.56 ], [ -16.54, 28.43 ], [ -16.92, 28.35 ], [ -16.72, 28.05 ], [ -16.58, 28.03 ], [ -16.45, 28.13 ], [ -16.19, 28.54 ] ] ], [ [ [ -17.28, 28.23 ], [ -17.38, 28.1 ], [ -17.22, 28.01 ], [ -17.08, 28.11 ], [ -17.28, 28.23 ] ] ], [ [ [ -17.89, 28.89 ], [ -18.07, 28.81 ], [ -17.81, 28.5 ], [ -17.74, 28.82 ], [ -17.89, 28.89 ] ] ], [ [ [ -17.95, 27.84 ], [ -18.06, 27.76 ], [ -18.12, 27.76 ], [ -18.15, 27.73 ], [ -18.06, 27.69 ], [ -17.98, 27.65 ], [ -17.9, 27.81 ], [ -17.95, 27.84 ] ] ] ] } },
{ "type": "Feature", "properties": { "ISO3_CODE": "FIN", "NAME_ENGL": "Finland" }, "geometry": { "type": "MultiPolygon", "coordinates": [ [ [ [ 27.07, 69.92 ], [ 26.52, 69.94 ], [ 26.0, 69.7 ], [ 25.73, 69.27 ], [ 25.72, 68.98 ], [ 25.26, 68.83 ], [ 25.08, 68.65 ], [ 24.9, 68.59 ], [ 23.92, 68.83 ], [ 23.62, 68.71 ], [ 23.22, 68.64 ], [ 22.46, 68.72 ], [ 21.98, 69.07 ], [ 21.63, 69.27 ], [ 21.3, 69.31 ], [ 21.02, 69.21 ], [ 21.09, 69.1 ], [ 21.05, 69.05 ], [ 20.73, 69.11 ], [ 20.55, 69.06 ], [ 20.79, 69.02 ], [ 20.9, 68.9 ], [ 21.37, 68.76 ], [ 21.43, 68.69 ], [ 21.63, 68.66 ], [ 21.73, 68.59 ], [ 21.9, 68.58 ], [ 22.05, 68.48 ], [ 22.16, 68.47 ], [ 23.05, 68.3 ], [ 23.18, 68.15 ], [ 23.62, 67.97 ], [ 23.49, 67.84 ], [ 23.54, 67.61 ], [ 23.42, 67.49 ], [ 23.73, 67.43 ], [ 23.74, 67.34 ], [ 23.56, 67.24 ], [ 23.58, 67.15 ], [ 23.97, 66.83 ], [ 23.84, 66.56 ], [ 23.68, 66.46 ], [ 23.67, 66.29 ], [ 23.74, 66.2 ], [ 23.91, 66.15 ], [ 24.05, 65.99 ], [ 24.16, 65.82 ], [ 24.2, 65.76 ], [ 24.49, 65.73 ], [ 24.53, 65.67 ], [ 25.0, 65.63 ], [ 25.08, 65.59 ], [ 25.29, 65.44 ], [ 25.27, 65.16 ], [ 25.42, 64.99 ], [ 25.3, 64.96 ], [ 25.33, 64.87 ], [ 24.99, 64.91 ], [ 24.63, 64.82 ], [ 24.31, 64.53 ], [ 23.83, 64.27 ], [ 23.67, 64.18 ], [ 23.62, 64.05 ], [ 23.43, 64.07 ], [ 23.37, 63.93 ], [ 23.08, 63.86 ], [ 22.9, 63.89 ], [ 22.87, 63.84 ], [ 22.69, 63.83 ], [ 22.64, 63.74 ], [ 22.53, 63.77 ], [ 22.56, 63.69 ], [ 22.5, 63.59 ], [ 22.33, 63.55 ], [ 22.27, 63.47 ], [ 22.31, 63.34 ], [ 22.04, 63.38 ], [ 21.87, 63.29 ], [ 21.59, 63.28 ], [ 21.38, 63.03 ], [ 21.4, 62.93 ], [ 21.16, 62.83 ], [ 21.1, 62.64 ], [ 21.35, 62.22 ], [ 21.34, 61.96 ], [ 21.53, 61.61 ], [ 21.42, 61.05 ], [ 21.2, 60.85 ], [ 21.31, 60.49 ], [ 21.29, 60.41 ], [ 21.19, 60.36 ], [ 21.25, 60.22 ], [ 21.37, 60.21 ], [ 21.37, 60.33 ], [ 21.45, 60.43 ], [ 21.67, 60.39 ], [ 21.75, 60.47 ], [ 21.83, 60.29 ], [ 21.8, 60.14 ], [ 22.07, 60.17 ], [ 22.03, 60.3 ], [ 22.07, 60.38 ], [ 22.24, 60.18 ], [ 22.39, 60.19 ], [ 22.42, 59.89 ], [ 23.03, 60.1 ], [ 22.9, 59.95 ], [ 23.01, 59.86 ], [ 23.14, 59.96 ], [ 23.22, 59.86 ], [ 23.75, 59.9 ], [ 24.24, 60.02 ], [ 24.46, 59.99 ], [ 24.7, 60.09 ], [ 25.44, 60.22 ], [ 25.55, 60.31 ], [ 25.63, 60.22 ], [ 25.88, 60.22 ], [ 25.92, 60.32 ], [ 26.01, 60.26 ], [ 26.1, 60.4 ], [ 26.32, 60.41 ], [ 26.45, 60.49 ], [ 26.72, 60.41 ], [ 27.0, 60.43 ], [ 27.08, 60.51 ], [ 27.68, 60.47 ], [ 27.79, 60.55 ], [ 27.8, 60.55 ], [ 27.99, 60.67 ], [ 28.08, 60.72 ], [ 29.31, 61.33 ], [ 30.14, 61.85 ], [ 30.46, 62.05 ], [ 31.2, 62.49 ], [ 31.56, 62.92 ], [ 31.2, 63.23 ], [ 30.49, 63.47 ], [ 29.97, 63.76 ], [ 30.25, 63.83 ], [ 30.5, 64.07 ], [ 30.52, 64.13 ], [ 30.43, 64.27 ], [ 30.07, 64.4 ], [ 30.0, 64.55 ], [ 30.11, 64.65 ], [ 30.06, 64.71 ], [ 30.03, 64.79 ], [ 29.73, 64.81 ], [ 29.63, 64.92 ], [ 29.63, 65.04 ], [ 29.83, 65.11 ], [ 29.87, 65.19 ], [ 29.63, 65.25 ], [ 29.73, 65.35 ], [ 29.75, 65.5 ], [ 29.84, 65.56 ], [ 29.75, 65.64 ], [ 30.12, 65.72 ], [ 29.93, 66.11 ], [ 29.57, 66.43 ], [ 29.32, 66.66 ], [ 29.13, 66.82 ], [ 29.1, 66.96 ], [ 29.86, 67.48 ], [ 29.95, 67.65 ], [ 29.31, 68.06 ], [ 28.6, 68.3 ], [ 28.49, 68.53 ], [ 28.73, 68.83 ], [ 28.62, 68.93 ], [ 28.93, 69.05 ], [ 28.84, 69.12 ], [ 28.85, 69.21 ], [ 29.24, 69.42 ], [ 29.28, 69.5 ], [ 29.24, 69.57 ], [ 29.09, 69.7 ], [ 28.44, 69.82 ], [ 27.89, 70.08 ], [ 27.07, 69.92 ] ] ], [ [ [ 24.78, 65.1 ], [ 24.56, 65.05 ], [ 24.77, 64.93 ], [ 24.93, 64.99 ], [ 24.78, 65.1 ] ] ], [ [ [ 22.78, 59.86 ], [ 22.74, 59.78 ], [ 22.83, 59.78 ], [ 22.89, 59.86 ], [ 22.78, 59.86 ] ] ], [ [ [ 22.07, 60.11 ], [ 21.95, 60.09 ], [ 22.03, 60.01 ], [ 22.08, 60.01 ], [ 22.07, 60.11 ] ] ], [ [ [ 21.91, 60.03 ], [ 21.7, 59.93 ], [ 21.79, 59.88 ], [ 21.95, 60.0 ], [ 21.91, 60.03 ] ] ], [ [ [ 21.78, 63.43 ], [ 21.66, 63.45 ], [ 21.73, 63.33 ], [ 21.79, 63.37 ], [ 21.78, 63.43 ] ] ], [ [ [ 21.73, 60.38 ], [ 21.65, 60.34 ], [ 21.72, 60.27 ], [ 21.78, 60.32 ], [ 21.73, 60.38 ] ] ], [ [ [ 21.49, 60.15 ], [ 21.58, 59.95 ], [ 21.65, 59.94 ], [ 21.67, 60.22 ], [ 21.49, 60.15 ] ] ], [ [ [ 21.5, 60.37 ], [ 21.42, 60.3 ], [ 21.49, 60.26 ], [ 21.58, 60.35 ], [ 21.5, 60.37 ] ] ], [ [ [ 21.4, 63.36 ], [ 21.23, 63.39 ], [ 21.12, 63.32 ], [ 21.11, 63.24 ], [ 21.34, 63.16 ], [ 21.44, 63.25 ], [ 21.4, 63.36 ] ] ], [ [ [ 21.32, 60.01 ], [ 21.22, 59.96 ], [ 21.31, 59.92 ], [ 21.39, 59.97 ], [ 21.32, 60.01 ] ] ], [ [ [ 21.18, 63.03 ], [ 21.11, 62.98 ], [ 21.17, 62.92 ], [ 21.25, 62.96 ], [ 21.18, 63.03 ] ] ], [ [ [ 20.85, 60.47 ], [ 20.95, 60.39 ], [ 20.95, 60.29 ], [ 21.07, 60.29 ], [ 21.09, 60.53 ], [ 20.98, 60.49 ], [ 20.89, 60.54 ], [ 20.85, 60.47 ] ] ], [ [ [ 20.93, 59.98 ], [ 20.84, 59.94 ], [ 20.95, 59.88 ], [ 21.03, 59.92 ], [ 20.93, 59.98 ] ] ], [ [ [ 20.85, 63.02 ], [ 20.75, 62.98 ], [ 20.85, 62.93 ], [ 20.92, 62.95 ], [ 20.85, 63.02 ] ] ], [ [ [ 20.77, 60.4 ], [ 20.69, 60.2 ], [ 20.8, 60.18 ], [ 20.86, 60.25 ], [ 20.77, 60.4 ] ] ], [ [ [ 20.71, 60.13 ], [ 20.63, 60.07 ], [ 20.72, 60.02 ], [ 20.77, 60.09 ], [ 20.71, 60.13 ] ] ], [ [ [ 20.48, 60.13 ], [ 20.31, 60.03 ], [ 20.52, 59.98 ], [ 20.63, 60.07 ], [ 20.48, 60.13 ] ] ], [ [ [ 20.3, 60.36 ], [ 20.33, 60.23 ], [ 20.41, 60.2 ], [ 20.39, 60.36 ], [ 20.3, 60.36 ] ] ], [ [ [ 19.76, 60.42 ], [ 19.68, 60.33 ], [ 19.59, 60.34 ], [ 19.47, 60.28 ], [ 19.56, 60.17 ], [ 19.95, 60.03 ], [ 20.18, 59.99 ], [ 20.28, 60.08 ], [ 20.26, 60.16 ], [ 20.19, 60.1 ], [ 20.11, 60.13 ], [ 20.25, 60.26 ], [ 20.06, 60.43 ], [ 19.76, 60.42 ] ] ], [ [ [ 19.28, 60.24 ], [ 19.33, 60.15 ], [ 19.41, 60.13 ], [ 19.38, 60.24 ], [ 19.28, 60.24 ] ] ] ] } },
{ "type": "Feature", "properties": { "ISO3_CODE": "FRA", "NAME_ENGL": "France" }, "geometry": { "type": "MultiPolygon", "coordinates": [ [ [ [ 55.83, -21.17 ], [ 55.63, -20.91 ], [ 55.42, -20.88 ], [ 55.29, -20.93 ], [ 55.21, -21.04 ], [ 55.3, -21.23 ], [ 55.41, -21.32 ], [ 55.64, -21.39 ], [ 55.81, -21.32 ], [ 55.83, -21.17 ] ] ], [ [ [ 45.23, -12.77 ], [ 45.1, -12.68 ], [ 45.05, -12.73 ], [ 45.13, -12.96 ], [ 45.21, -12.9 ], [ 45.23, -12.77 ] ] ], [ [ [ 9.41, 43.0 ], [ 9.35, 42.97 ], [ 9.33, 42.86 ], [ 9.31, 42.7 ], [ 9.15, 42.73 ], [ 8.83, 42.6 ], [ 8.69, 42.53 ], [ 8.59, 42.38 ], [ 8.66, 42.27 ], [ 8.58, 42.17 ], [ 8.71, 42.06 ], [ 8.68, 42.0 ], [ 8.63, 41.92 ], [ 8.78, 41.9 ], [ 8.72, 41.75 ], [ 8.86, 41.68 ], [ 8.8, 41.6 ], [ 8.84, 41.53 ], [ 9.21, 41.39 ], [ 9.36, 41.58 ], [ 9.4, 41.86 ], [ 9.47, 42.0 ], [ 9.56, 42.18 ], [ 9.52, 42.54 ], [ 9.46, 42.67 ], [ 9.48, 42.86 ], [ 9.41, 43.0 ] ] ], [ [ [ 2.61, 50.91 ], [ 2.55, 51.09 ], [ 2.07, 51.01 ], [ 1.6, 50.86 ], [ 1.57, 50.43 ], [ 1.64, 50.35 ], [ 1.56, 50.33 ], [ 1.6, 50.21 ], [ 1.38, 50.07 ], [ 1.08, 49.93 ], [ 0.67, 49.86 ], [ 0.59, 49.85 ], [ 0.22, 49.72 ], [ 0.08, 49.52 ], [ 0.12, 49.47 ], [ 0.22, 49.45 ], [ 0.39, 49.45 ], [ 0.51, 49.49 ], [ 0.58, 49.44 ], [ 0.62, 49.43 ], [ 0.58, 49.43 ], [ 0.5, 49.48 ], [ 0.4, 49.45 ], [ 0.3, 49.43 ], [ 0.22, 49.41 ], [ -0.21, 49.29 ], [ -0.8, 49.35 ], [ -0.93, 49.38 ], [ -1.02, 49.39 ], [ -1.08, 49.35 ], [ -1.12, 49.32 ], [ -1.23, 49.46 ], [ -1.28, 49.53 ], [ -1.25, 49.63 ], [ -1.32, 49.69 ], [ -1.61, 49.65 ], [ -1.93, 49.71 ], [ -1.83, 49.46 ], [ -1.61, 49.19 ], [ -1.56, 48.98 ], [ -1.59, 48.81 ], [ -1.47, 48.64 ], [ -1.51, 48.62 ], [ -1.57, 48.63 ], [ -1.76, 48.62 ], [ -1.95, 48.68 ], [ -2.12, 48.6 ], [ -2.37, 48.66 ], [ -2.71, 48.54 ], [ -3.14, 48.85 ], [ -3.51, 48.81 ], [ -3.66, 48.66 ], [ -4.25, 48.67 ], [ -4.59, 48.58 ], [ -4.7, 48.44 ], [ -4.61, 48.36 ], [ -4.43, 48.33 ], [ -4.48, 48.27 ], [ -4.43, 48.15 ], [ -4.51, 48.03 ], [ -4.36, 47.88 ], [ -3.53, 47.81 ], [ -3.43, 47.72 ], [ -3.14, 47.61 ], [ -2.72, 47.51 ], [ -2.56, 47.53 ], [ -2.46, 47.45 ], [ -2.51, 47.37 ], [ -2.47, 47.3 ], [ -2.19, 47.25 ], [ -2.17, 47.14 ], [ -1.98, 47.03 ], [ -2.14, 46.87 ], [ -2.02, 46.75 ], [ -1.95, 46.67 ], [ -1.76, 46.48 ], [ -1.23, 46.29 ], [ -1.08, 46.32 ], [ -1.19, 46.18 ], [ -1.09, 46.03 ], [ -1.13, 45.87 ], [ -1.18, 45.84 ], [ -1.29, 45.99 ], [ -1.36, 45.97 ], [ -1.2, 45.7 ], [ -0.93, 45.54 ], [ -0.8, 45.47 ], [ -0.71, 45.33 ], [ -0.79, 45.33 ], [ -0.93, 45.42 ], [ -1.08, 45.52 ], [ -1.13, 45.49 ], [ -1.23, 44.8 ], [ -1.11, 44.68 ], [ -1.25, 44.47 ], [ -1.34, 44.1 ], [ -1.44, 43.66 ], [ -1.52, 43.53 ], [ -1.75, 43.38 ], [ -1.79, 43.35 ], [ -1.73, 43.3 ], [ -1.44, 43.25 ], [ -1.4, 43.06 ], [ -0.93, 42.99 ], [ -0.8, 42.96 ], [ -0.75, 42.96 ], [ -0.72, 42.92 ], [ -0.66, 42.86 ], [ -0.55, 42.8 ], [ -0.31, 42.85 ], [ -0.12, 42.75 ], [ 0.01, 42.7 ], [ 0.48, 42.7 ], [ 0.67, 42.68 ], [ 0.68, 42.75 ], [ 0.72, 42.84 ], [ 0.86, 42.83 ], [ 1.19, 42.75 ], [ 1.35, 42.71 ], [ 1.44, 42.6 ], [ 1.54, 42.64 ], [ 1.79, 42.57 ], [ 1.73, 42.5 ], [ 1.73, 42.49 ], [ 1.92, 42.45 ], [ 2.04, 42.36 ], [ 2.24, 42.43 ], [ 2.55, 42.34 ], [ 2.88, 42.46 ], [ 3.02, 42.45 ], [ 3.17, 42.44 ], [ 3.05, 42.58 ], [ 3.05, 42.75 ], [ 3.05, 42.86 ], [ 3.08, 43.04 ], [ 3.24, 43.21 ], [ 3.44, 43.29 ], [ 4.1, 43.55 ], [ 4.23, 43.46 ], [ 4.53, 43.44 ], [ 4.64, 43.36 ], [ 4.85, 43.36 ], [ 4.91, 43.42 ], [ 5.08, 43.33 ], [ 5.31, 43.34 ], [ 5.37, 43.22 ], [ 5.67, 43.18 ], [ 5.83, 43.06 ], [ 5.92, 43.11 ], [ 6.35, 43.1 ], [ 6.64, 43.18 ], [ 6.74, 43.4 ], [ 6.93, 43.48 ], [ 7.19, 43.66 ], [ 7.42, 43.73 ], [ 7.41, 43.73 ], [ 7.41, 43.73 ], [ 7.41, 43.73 ], [ 7.44, 43.75 ], [ 7.44, 43.75 ], [ 7.44, 43.75 ], [ 7.53, 43.78 ], [ 7.52, 43.89 ], [ 7.71, 44.06 ], [ 7.66, 44.16 ], [ 7.31, 44.14 ], [ 7.02, 44.24 ], [ 6.89, 44.36 ], [ 6.95, 44.65 ], [ 7.07, 44.71 ], [ 6.99, 44.84 ], [ 6.78, 44.9 ], [ 6.63, 45.11 ], [ 7.09, 45.23 ], [ 7.16, 45.4 ], [ 7.1, 45.47 ], [ 7.01, 45.51 ], [ 6.98, 45.63 ], [ 6.8, 45.78 ], [ 7.04, 45.92 ], [ 6.82, 46.16 ], [ 6.82, 46.43 ], [ 6.5, 46.45 ], [ 6.22, 46.31 ], [ 6.26, 46.24 ], [ 6.22, 46.19 ], [ 5.96, 46.13 ], [ 6.13, 46.32 ], [ 6.15, 46.37 ], [ 6.06, 46.42 ], [ 6.14, 46.56 ], [ 6.42, 46.76 ], [ 6.46, 46.85 ], [ 6.46, 46.93 ], [ 6.86, 47.17 ], [ 7.02, 47.33 ], [ 6.94, 47.38 ], [ 6.94, 47.43 ], [ 7.13, 47.5 ], [ 7.22, 47.43 ], [ 7.38, 47.43 ], [ 7.51, 47.5 ], [ 7.56, 47.56 ], [ 7.59, 47.59 ], [ 7.55, 47.74 ], [ 7.6, 47.97 ], [ 7.58, 48.12 ], [ 7.58, 48.12 ], [ 7.68, 48.26 ], [ 7.73, 48.38 ], [ 7.82, 48.61 ], [ 7.96, 48.72 ], [ 8.23, 48.97 ], [ 8.07, 49.0 ], [ 7.91, 49.05 ], [ 7.64, 49.05 ], [ 7.48, 49.16 ], [ 7.37, 49.16 ], [ 7.25, 49.12 ], [ 7.1, 49.16 ], [ 6.93, 49.22 ], [ 6.78, 49.16 ], [ 6.72, 49.22 ], [ 6.56, 49.42 ], [ 6.37, 49.47 ], [ 5.89, 49.5 ], [ 5.82, 49.55 ], [ 5.73, 49.55 ], [ 5.47, 49.5 ], [ 5.39, 49.62 ], [ 5.15, 49.72 ], [ 4.97, 49.8 ], [ 4.87, 49.81 ], [ 4.81, 49.97 ], [ 4.87, 50.13 ], [ 4.8, 50.15 ], [ 4.66, 49.99 ], [ 4.43, 49.94 ], [ 4.23, 49.96 ], [ 4.14, 49.98 ], [ 4.21, 50.08 ], [ 4.16, 50.17 ], [ 4.19, 50.25 ], [ 4.04, 50.34 ], [ 4.03, 50.36 ], [ 3.7, 50.33 ], [ 3.66, 50.46 ], [ 3.62, 50.49 ], [ 3.44, 50.51 ], [ 3.31, 50.52 ], [ 3.18, 50.76 ], [ 3.1, 50.78 ], [ 3.02, 50.77 ], [ 2.86, 50.71 ], [ 2.65, 50.83 ], [ 2.61, 50.91 ] ], [ [ -1.99, 48.58 ], [ -1.97, 48.58 ], [ -1.96, 48.56 ], [ -1.97, 48.54 ], [ -2.01, 48.57 ], [ -1.99, 48.58 ] ] ], [ [ [ -1.29, 46.22 ], [ -1.4, 46.17 ], [ -1.3, 46.13 ], [ -1.22, 46.18 ], [ -1.29, 46.22 ] ] ], [ [ [ -2.35, 47.05 ], [ -2.32, 46.97 ], [ -2.23, 46.96 ], [ -2.24, 47.05 ], [ -2.35, 47.05 ] ] ], [ [ [ -3.19, 47.38 ], [ -3.3, 47.37 ], [ -3.22, 47.29 ], [ -3.14, 47.3 ], [ -3.19, 47.38 ] ] ], [ [ [ -4.84, 48.08 ], [ -4.93, 48.04 ], [ -4.84, 47.99 ], [ -4.75, 48.02 ], [ -4.84, 48.08 ] ] ], [ [ [ -52.32, 3.18 ], [ -51.66, 4.07 ], [ -51.62, 4.2 ], [ -51.83, 4.64 ], [ -52.39, 4.95 ], [ -52.92, 5.43 ], [ -53.97, 5.75 ], [ -54.02, 5.63 ], [ -54.05, 5.49 ], [ -54.3, 5.23 ], [ -54.47, 4.89 ], [ -54.44, 4.41 ], [ -54.34, 4.03 ], [ -54.01, 3.51 ], [ -54.18, 3.17 ], [ -54.24, 2.74 ], [ -54.39, 2.48 ], [ -54.6, 2.34 ], [ -54.43, 2.22 ], [ -54.16, 2.14 ], [ -53.78, 2.34 ], [ -53.54, 2.27 ], [ -53.32, 2.31 ], [ -53.16, 2.21 ], [ -52.9, 2.21 ], [ -52.57, 2.52 ], [ -52.32, 3.18 ] ] ], [ [ [ -61.26, 14.76 ], [ -61.06, 14.5 ], [ -60.81, 14.47 ], [ -60.92, 14.73 ], [ -61.26, 14.76 ] ] ], [ [ [ -61.27, 16.0 ], [ -61.36, 15.93 ], [ -61.28, 15.87 ], [ -61.19, 15.92 ], [ -61.27, 16.0 ] ] ], [ [ [ -61.55, 16.31 ], [ -61.74, 16.35 ], [ -61.82, 16.27 ], [ -61.77, 16.05 ], [ -61.69, 15.95 ], [ -61.57, 16.03 ], [ -61.57, 16.22 ], [ -61.25, 16.28 ], [ -61.47, 16.51 ], [ -61.55, 16.31 ] ] ], [ [ [ -63.05, 18.1 ], [ -63.1, 18.07 ], [ -63.09, 18.05 ], [ -63.02, 18.06 ], [ -63.05, 18.1 ] ] ] ] } },
{ "type": "Feature", "properties": { "ISO3_CODE": "HRV", "NAME_ENGL": "Croatia" }, "geometry": { "type": "MultiPolygon", "coordinates": [ [ [ [ 16.34, 46.54 ], [ 16.31, 46.52 ], [ 16.25, 46.5 ], [ 16.24, 46.49 ], [ 16.27, 46.43 ], [ 16.3, 46.38 ], [ 16.21, 46.38 ], [ 16.06, 46.39 ], [ 16.06, 46.39 ], [ 16.07, 46.35 ], [ 16.04, 46.34 ], [ 15.97, 46.31 ], [ 15.91, 46.29 ], [ 15.87, 46.28 ], [ 15.87, 46.28 ], [ 15.79, 46.26 ], [ 15.77, 46.22 ], [ 15.67, 46.23 ], [ 15.64, 46.19 ], [ 15.63, 46.09 ], [ 15.72, 46.05 ], [ 15.71, 45.98 ], [ 15.66, 45.85 ], [ 15.54, 45.84 ], [ 15.48, 45.83 ], [ 15.4, 45.79 ], [ 15.33, 45.76 ], [ 15.32, 45.76 ], [ 15.26, 45.73 ], [ 15.33, 45.67 ], [ 15.31, 45.63 ], [ 15.3, 45.59 ], [ 15.36, 45.48 ], [ 15.23, 45.43 ], [ 15.06, 45.49 ], [ 14.96, 45.51 ], [ 14.84, 45.47 ], [ 14.79, 45.5 ], [ 14.69, 45.58 ], [ 14.6, 45.63 ], [ 14.57, 45.67 ], [ 14.5, 45.58 ], [ 14.36, 45.48 ], [ 14.12, 45.48 ], [ 14.11, 45.48 ], [ 14.0, 45.52 ], [ 13.92, 45.44 ], [ 13.7, 45.46 ], [ 13.59, 45.48 ], [ 13.59, 45.48 ], [ 13.53, 45.41 ], [ 13.6, 45.16 ], [ 13.89, 44.82 ], [ 13.97, 44.83 ], [ 14.23, 45.15 ], [ 14.31, 45.29 ], [ 14.41, 45.31 ], [ 14.51, 45.24 ], [ 14.55, 45.03 ], [ 14.72, 44.97 ], [ 14.77, 45.09 ], [ 14.88, 45.03 ], [ 14.94, 44.57 ], [ 15.29, 44.36 ], [ 15.14, 44.33 ], [ 15.36, 43.96 ], [ 15.56, 43.87 ], [ 16.02, 43.5 ], [ 16.15, 43.46 ], [ 16.35, 43.54 ], [ 16.82, 43.41 ], [ 17.36, 43.08 ], [ 17.24, 42.94 ], [ 17.52, 42.86 ], [ 17.57, 42.92 ], [ 17.57, 42.92 ], [ 17.57, 42.92 ], [ 17.57, 42.93 ], [ 17.57, 42.93 ], [ 17.57, 42.94 ], [ 17.58, 42.94 ], [ 17.58, 42.94 ], [ 17.58, 42.94 ], [ 17.68, 42.97 ], [ 17.68, 43.02 ], [ 17.45, 43.18 ], [ 17.32, 43.3 ], [ 17.25, 43.47 ], [ 17.01, 43.58 ], [ 16.54, 43.97 ], [ 16.17, 44.21 ], [ 16.19, 44.26 ], [ 16.13, 44.45 ], [ 16.01, 44.66 ], [ 15.77, 44.78 ], [ 15.74, 44.94 ], [ 15.84, 45.22 ], [ 16.01, 45.2 ], [ 16.29, 45.0 ], [ 16.54, 45.22 ], [ 16.8, 45.19 ], [ 16.95, 45.24 ], [ 17.14, 45.16 ], [ 17.68, 45.12 ], [ 17.84, 45.06 ], [ 18.02, 45.14 ], [ 18.2, 45.08 ], [ 18.28, 45.12 ], [ 18.47, 45.07 ], [ 18.48, 45.06 ], [ 18.53, 45.09 ], [ 18.71, 45.04 ], [ 18.79, 44.97 ], [ 18.83, 44.87 ], [ 19.0, 44.85 ], [ 19.02, 44.86 ], [ 19.02, 44.9 ], [ 19.13, 44.95 ], [ 19.1, 45.11 ], [ 19.23, 45.18 ], [ 19.43, 45.17 ], [ 19.4, 45.23 ], [ 19.01, 45.37 ], [ 19.01, 45.43 ], [ 19.03, 45.49 ], [ 19.06, 45.53 ], [ 18.93, 45.57 ], [ 18.95, 45.63 ], [ 18.96, 45.73 ], [ 18.87, 45.82 ], [ 18.89, 45.92 ], [ 18.82, 45.91 ], [ 18.67, 45.9 ], [ 18.44, 45.75 ], [ 17.91, 45.79 ], [ 17.65, 45.85 ], [ 17.56, 45.93 ], [ 17.29, 45.99 ], [ 17.14, 46.17 ], [ 16.88, 46.32 ], [ 16.85, 46.35 ], [ 16.6, 46.48 ], [ 16.34, 46.54 ] ] ], [ [ [ 18.32, 42.62 ], [ 18.24, 42.62 ], [ 17.86, 42.86 ], [ 17.65, 42.89 ], [ 17.64, 42.88 ], [ 17.61, 42.84 ], [ 17.77, 42.79 ], [ 18.53, 42.42 ], [ 18.44, 42.56 ], [ 18.32, 42.62 ] ] ], [ [ [ 16.89, 42.8 ], [ 16.8, 42.75 ], [ 16.89, 42.71 ], [ 16.98, 42.76 ], [ 16.89, 42.8 ] ] ], [ [ [ 16.9, 43.18 ], [ 16.79, 43.14 ], [ 16.9, 43.09 ], [ 16.96, 43.13 ], [ 16.9, 43.18 ] ] ], [ [ [ 16.57, 43.41 ], [ 16.38, 43.33 ], [ 16.59, 43.24 ], [ 16.75, 43.31 ], [ 16.57, 43.41 ] ] ], [ [ [ 16.65, 43.21 ], [ 16.51, 43.17 ], [ 16.63, 43.1 ], [ 16.74, 43.13 ], [ 16.65, 43.21 ] ] ], [ [ [ 16.34, 43.43 ], [ 16.26, 43.37 ], [ 16.32, 43.31 ], [ 16.39, 43.34 ], [ 16.34, 43.43 ] ] ], [ [ [ 16.27, 42.44 ], [ 16.17, 42.41 ], [ 16.26, 42.35 ], [ 16.34, 42.36 ], [ 16.27, 42.44 ] ] ], [ [ [ 16.14, 43.09 ], [ 16.04, 43.05 ], [ 16.14, 43.0 ], [ 16.22, 43.05 ], [ 16.14, 43.09 ] ] ], [ [ [ 15.37, 43.83 ], [ 15.32, 43.89 ], [ 15.25, 43.88 ], [ 15.22, 43.84 ], [ 15.32, 43.77 ], [ 15.37, 43.78 ], [ 15.37, 43.83 ] ] ], [ [ [ 15.19, 43.92 ], [ 15.16, 43.9 ], [ 15.19, 43.88 ], [ 15.21, 43.9 ], [ 15.19, 43.92 ] ] ], [ [ [ 15.13, 43.98 ], [ 15.05, 43.97 ], [ 15.1, 43.91 ], [ 15.17, 43.92 ], [ 15.13, 43.98 ] ] ], [ [ [ 14.86, 44.52 ], [ 14.92, 44.46 ], [ 15.02, 44.45 ], [ 14.97, 44.54 ], [ 14.86, 44.52 ] ] ], [ [ [ 14.85, 44.21 ], [ 14.9, 44.12 ], [ 14.96, 44.09 ], [ 14.96, 44.2 ], [ 14.85, 44.21 ] ] ], [ [ [ 14.8, 44.45 ], [ 14.72, 44.44 ], [ 14.77, 44.35 ], [ 14.85, 44.38 ], [ 14.8, 44.45 ] ] ], [ [ [ 14.71, 44.85 ], [ 14.67, 44.84 ], [ 14.64, 44.79 ], [ 14.76, 44.75 ], [ 14.8, 44.76 ], [ 14.71, 44.85 ] ] ], [ [ [ 14.55, 44.54 ], [ 14.47, 44.48 ], [ 14.56, 44.43 ], [ 14.61, 44.51 ], [ 14.55, 44.54 ] ] ], [ [ [ 14.42, 45.0 ], [ 14.31, 44.92 ], [ 14.36, 44.69 ], [ 14.48, 44.63 ], [ 14.47, 44.96 ], [ 14.42, 45.0 ] ] ], [ [ [ 14.33, 44.59 ], [ 14.36, 44.54 ], [ 14.47, 44.52 ], [ 14.41, 44.63 ], [ 14.33, 44.59 ] ] ], [ [ [ 14.35, 45.18 ], [ 14.26, 45.12 ], [ 14.32, 45.06 ], [ 14.38, 45.07 ], [ 14.35, 45.18 ] ] ] ] } },
{ "type": "Feature", "properties": { "ISO3_CODE": "HUN", "NAME_ENGL": "Hungary" }, "geometry": { "type": "MultiPolygon", "coordinates": [ [ [ [ 21.12, 48.51 ], [ 20.69, 48.56 ], [ 20.46, 48.46 ], [ 20.41, 48.38 ], [ 20.32, 48.29 ], [ 20.05, 48.17 ], [ 19.91, 48.15 ], [ 19.62, 48.24 ], [ 19.46, 48.1 ], [ 19.01, 48.08 ], [ 18.93, 48.06 ], [ 18.78, 47.96 ], [ 18.78, 47.87 ], [ 18.85, 47.82 ], [ 17.89, 47.74 ], [ 17.71, 47.76 ], [ 17.25, 48.01 ], [ 17.16, 48.01 ], [ 17.03, 47.71 ], [ 16.57, 47.73 ], [ 16.42, 47.67 ], [ 16.54, 47.64 ], [ 16.69, 47.57 ], [ 16.65, 47.45 ], [ 16.54, 47.41 ], [ 16.43, 47.35 ], [ 16.46, 47.03 ], [ 16.11, 46.87 ], [ 16.13, 46.86 ], [ 16.18, 46.86 ], [ 16.3, 46.87 ], [ 16.35, 46.83 ], [ 16.34, 46.81 ], [ 16.31, 46.8 ], [ 16.31, 46.78 ], [ 16.37, 46.72 ], [ 16.37, 46.7 ], [ 16.39, 46.66 ], [ 16.39, 46.64 ], [ 16.5, 46.57 ], [ 16.54, 46.5 ], [ 16.6, 46.48 ], [ 16.85, 46.35 ], [ 16.88, 46.32 ], [ 17.14, 46.17 ], [ 17.29, 45.99 ], [ 17.56, 45.93 ], [ 17.65, 45.85 ], [ 17.91, 45.79 ], [ 18.44, 45.75 ], [ 18.67, 45.9 ], [ 18.82, 45.91 ], [ 18.89, 45.92 ], [ 19.02, 45.94 ], [ 19.11, 46.02 ], [ 19.3, 45.99 ], [ 19.57, 46.17 ], [ 19.7, 46.19 ], [ 19.87, 46.15 ], [ 20.26, 46.13 ], [ 20.71, 46.16 ], [ 20.78, 46.28 ], [ 21.04, 46.25 ], [ 21.16, 46.31 ], [ 21.29, 46.43 ], [ 21.31, 46.6 ], [ 21.44, 46.65 ], [ 21.66, 47.02 ], [ 21.8, 47.13 ], [ 22.13, 47.6 ], [ 22.18, 47.6 ], [ 22.27, 47.72 ], [ 22.43, 47.76 ], [ 22.69, 47.8 ], [ 22.9, 47.95 ], [ 22.83, 48.1 ], [ 22.63, 48.11 ], [ 22.53, 48.22 ], [ 22.47, 48.24 ], [ 22.43, 48.25 ], [ 22.37, 48.25 ], [ 22.28, 48.35 ], [ 22.25, 48.38 ], [ 22.21, 48.42 ], [ 22.16, 48.4 ], [ 22.13, 48.38 ], [ 21.77, 48.35 ], [ 21.6, 48.49 ], [ 21.42, 48.57 ], [ 21.12, 48.51 ] ] ] ] } },
{ "type": "Feature", "properties": { "ISO3_CODE": "IRL", "NAME_ENGL": "Ireland" }, "geometry": { "type": "MultiPolygon", "coordinates": [ [ [ [ -7.33, 55.33 ], [ -7.49, 55.25 ], [ -7.54, 55.11 ], [ -7.71, 55.23 ], [ -8.33, 55.09 ], [ -8.42, 55.01 ], [ -8.47, 54.85 ], [ -8.67, 54.69 ], [ -8.48, 54.61 ], [ -8.26, 54.6 ], [ -8.25, 54.55 ], [ -8.67, 54.29 ], [ -9.0, 54.27 ], [ -9.13, 54.17 ], [ -9.41, 54.31 ], [ -9.75, 54.33 ], [ -10.02, 54.26 ], [ -10.05, 54.2 ], [ -9.96, 54.11 ], [ -9.99, 54.0 ], [ -9.89, 53.98 ], [ -9.77, 53.81 ], [ -10.1, 53.48 ], [ -9.75, 53.26 ], [ -9.12, 53.25 ], [ -9.01, 53.14 ], [ -9.29, 53.09 ], [ -9.49, 52.8 ], [ -9.66, 52.65 ], [ -9.37, 52.57 ], [ -9.71, 52.49 ], [ -9.96, 52.27 ], [ -10.33, 52.19 ], [ -10.33, 52.13 ], [ -10.14, 52.07 ], [ -10.29, 51.87 ], [ -10.0, 51.76 ], [ -9.92, 51.65 ], [ -9.7, 51.65 ], [ -9.56, 51.54 ], [ -9.34, 51.49 ], [ -8.64, 51.62 ], [ -7.84, 51.95 ], [ -7.63, 51.99 ], [ -7.57, 52.07 ], [ -7.44, 52.12 ], [ -7.03, 52.14 ], [ -6.96, 52.22 ], [ -6.37, 52.19 ], [ -6.34, 52.24 ], [ -6.43, 52.33 ], [ -6.22, 52.54 ], [ -6.14, 52.74 ], [ -6.02, 52.94 ], [ -6.1, 53.21 ], [ -6.2, 53.34 ], [ -6.09, 53.54 ], [ -6.21, 53.63 ], [ -6.25, 53.73 ], [ -6.25, 53.85 ], [ -6.35, 53.9 ], [ -6.37, 53.96 ], [ -6.33, 54.0 ], [ -6.18, 53.98 ], [ -6.14, 53.98 ], [ -6.11, 54.0 ], [ -6.13, 54.03 ], [ -6.18, 54.04 ], [ -6.27, 54.1 ], [ -6.27, 54.1 ], [ -6.6, 54.04 ], [ -6.64, 54.18 ], [ -6.79, 54.21 ], [ -6.86, 54.33 ], [ -7.02, 54.41 ], [ -7.19, 54.34 ], [ -7.18, 54.22 ], [ -7.29, 54.17 ], [ -7.34, 54.14 ], [ -7.53, 54.13 ], [ -7.65, 54.17 ], [ -7.84, 54.22 ], [ -8.13, 54.43 ], [ -8.0, 54.53 ], [ -7.7, 54.61 ], [ -7.82, 54.7 ], [ -7.57, 54.76 ], [ -7.38, 55.0 ], [ -7.26, 55.07 ], [ -7.04, 55.24 ], [ -7.33, 55.33 ] ] ], [ [ [ -8.54, 55.05 ], [ -8.62, 54.96 ], [ -8.5, 54.95 ], [ -8.46, 54.99 ], [ -8.54, 55.05 ] ] ], [ [ [ -9.74, 51.54 ], [ -9.84, 51.5 ], [ -9.73, 51.45 ], [ -9.67, 51.49 ], [ -9.74, 51.54 ] ] ] ] } },
{ "type": "Feature", "properties": { "ISO3_CODE": "ISL", "NAME_ENGL": "Iceland" }, "geometry": { "type": "MultiPolygon", "coordinates": [ [ [ [ -16.11, 66.49 ], [ -16.41, 66.45 ], [ -16.63, 66.21 ], [ -17.12, 66.16 ], [ -17.46, 66.03 ], [ -18.17, 66.1 ], [ -18.21, 66.03 ], [ -18.2, 65.85 ], [ -18.8, 66.13 ], [ -19.27, 66.05 ], [ -19.54, 65.81 ], [ -19.73, 65.85 ], [ -20.09, 66.04 ], [ -20.24, 66.05 ], [ -20.34, 65.97 ], [ -20.41, 65.71 ], [ -20.79, 65.59 ], [ -21.1, 65.38 ], [ -21.38, 65.61 ], [ -21.4, 65.85 ], [ -21.52, 66.01 ], [ -22.3, 66.36 ], [ -22.72, 66.41 ], [ -22.83, 66.35 ], [ -22.57, 66.08 ], [ -22.55, 66.0 ], [ -23.49, 66.12 ], [ -23.68, 65.97 ], [ -23.65, 65.72 ], [ -23.96, 65.72 ], [ -24.17, 65.57 ], [ -23.8, 65.45 ], [ -22.52, 65.54 ], [ -22.26, 65.47 ], [ -22.22, 65.36 ], [ -22.65, 65.05 ], [ -23.64, 64.89 ], [ -24.01, 64.9 ], [ -23.87, 64.73 ], [ -23.66, 64.75 ], [ -23.24, 64.82 ], [ -23.22, 64.82 ], [ -22.48, 64.73 ], [ -21.9, 64.36 ], [ -21.37, 64.38 ], [ -21.74, 64.33 ], [ -21.84, 64.26 ], [ -21.84, 64.19 ], [ -22.13, 64.04 ], [ -22.39, 63.99 ], [ -22.47, 63.97 ], [ -22.67, 64.07 ], [ -22.73, 63.98 ], [ -22.7, 63.82 ], [ -22.39, 63.83 ], [ -22.13, 63.84 ], [ -22.01, 63.84 ], [ -21.21, 63.87 ], [ -20.2, 63.55 ], [ -19.13, 63.41 ], [ -18.68, 63.4 ], [ -18.09, 63.49 ], [ -17.57, 63.73 ], [ -16.67, 63.81 ], [ -15.97, 64.12 ], [ -15.37, 64.28 ], [ -14.96, 64.26 ], [ -14.64, 64.39 ], [ -14.6, 64.41 ], [ -14.39, 64.7 ], [ -14.19, 64.69 ], [ -14.09, 64.74 ], [ -13.91, 64.81 ], [ -13.88, 64.88 ], [ -13.81, 64.99 ], [ -13.63, 65.09 ], [ -13.65, 65.28 ], [ -13.8, 65.52 ], [ -14.63, 65.79 ], [ -14.73, 65.97 ], [ -14.96, 66.1 ], [ -15.06, 66.25 ], [ -15.53, 66.23 ], [ -15.82, 66.4 ], [ -16.11, 66.49 ] ] ], [ [ [ -20.25, 63.47 ], [ -20.37, 63.46 ], [ -20.31, 63.39 ], [ -20.22, 63.39 ], [ -20.25, 63.47 ] ] ] ] } },
{ "type": "Feature", "properties": { "ISO3_CODE": "ITA", "NAME_ENGL": "Italy" }, "geometry": { "type": "MultiPolygon", "coordinates": [ [ [ [ 12.24, 47.07 ], [ 12.14, 47.08 ], [ 11.75, 46.98 ], [ 11.63, 47.01 ], [ 11.16, 46.97 ], [ 11.03, 46.78 ], [ 10.81, 46.78 ], [ 10.67, 46.86 ], [ 10.47, 46.85 ], [ 10.4, 46.68 ], [ 10.47, 46.6 ], [ 10.45, 46.53 ], [ 10.21, 46.62 ], [ 10.08, 46.57 ], [ 10.05, 46.47 ], [ 10.13, 46.4 ], [ 10.15, 46.27 ], [ 10.1, 46.24 ], [ 9.92, 46.37 ], [ 9.7, 46.3 ], [ 9.55, 46.32 ], [ 9.44, 46.48 ], [ 9.32, 46.5 ], [ 9.26, 46.45 ], [ 9.25, 46.23 ], [ 9.16, 46.17 ], [ 9.01, 46.01 ], [ 9.06, 45.86 ], [ 8.91, 45.83 ], [ 8.91, 45.92 ], [ 8.81, 46.0 ], [ 8.83, 46.07 ], [ 8.71, 46.1 ], [ 8.46, 46.25 ], [ 8.46, 46.42 ], [ 8.38, 46.45 ], [ 8.13, 46.27 ], [ 8.14, 46.15 ], [ 7.88, 45.93 ], [ 7.86, 45.92 ], [ 7.59, 45.98 ], [ 7.16, 45.86 ], [ 7.04, 45.92 ], [ 6.8, 45.78 ], [ 6.98, 45.63 ], [ 7.01, 45.51 ], [ 7.1, 45.47 ], [ 7.16, 45.4 ], [ 7.09, 45.23 ], [ 6.63, 45.11 ], [ 6.78, 44.9 ], [ 6.99, 44.84 ], [ 7.07, 44.71 ], [ 6.95, 44.65 ], [ 6.89, 44.36 ], [ 7.02, 44.24 ], [ 7.31, 44.14 ], [ 7.66, 44.16 ], [ 7.71, 44.06 ], [ 7.52, 43.89 ], [ 7.53, 43.78 ], [ 7.95, 43.85 ], [ 8.14, 43.94 ], [ 8.27, 44.13 ], [ 8.63, 44.38 ], [ 8.77, 44.42 ], [ 9.08, 44.37 ], [ 9.51, 44.22 ], [ 9.79, 44.07 ], [ 10.02, 44.04 ], [ 10.14, 43.98 ], [ 10.26, 43.82 ], [ 10.3, 43.58 ], [ 10.51, 43.25 ], [ 10.51, 42.95 ], [ 10.71, 42.94 ], [ 10.79, 42.79 ], [ 11.13, 42.56 ], [ 11.15, 42.4 ], [ 11.45, 42.38 ], [ 11.64, 42.28 ], [ 11.73, 42.16 ], [ 11.83, 42.05 ], [ 11.93, 42.0 ], [ 12.12, 41.92 ], [ 12.24, 41.75 ], [ 12.61, 41.47 ], [ 12.77, 41.42 ], [ 13.07, 41.24 ], [ 13.29, 41.29 ], [ 13.76, 41.22 ], [ 14.03, 40.9 ], [ 14.1, 40.83 ], [ 14.39, 40.77 ], [ 14.47, 40.62 ], [ 14.79, 40.66 ], [ 14.98, 40.41 ], [ 14.95, 40.22 ], [ 15.15, 40.15 ], [ 15.33, 40.02 ], [ 15.55, 40.07 ], [ 15.64, 40.04 ], [ 15.68, 40.02 ], [ 15.76, 39.92 ], [ 15.85, 39.61 ], [ 16.02, 39.37 ], [ 16.09, 39.05 ], [ 16.21, 38.91 ], [ 16.21, 38.81 ], [ 16.14, 38.73 ], [ 15.86, 38.66 ], [ 15.92, 38.51 ], [ 15.81, 38.31 ], [ 15.65, 38.21 ], [ 15.65, 38.01 ], [ 15.74, 37.93 ], [ 16.06, 37.94 ], [ 16.22, 38.18 ], [ 16.43, 38.33 ], [ 16.54, 38.4 ], [ 16.58, 38.47 ], [ 16.56, 38.61 ], [ 16.55, 38.71 ], [ 16.61, 38.8 ], [ 16.89, 38.93 ], [ 17.09, 38.91 ], [ 17.17, 38.99 ], [ 17.13, 39.1 ], [ 17.14, 39.39 ], [ 17.03, 39.48 ], [ 16.53, 39.68 ], [ 16.5, 39.8 ], [ 16.61, 40.02 ], [ 16.64, 40.12 ], [ 16.87, 40.4 ], [ 17.11, 40.51 ], [ 17.48, 40.31 ], [ 17.76, 40.3 ], [ 17.89, 40.24 ], [ 18.02, 40.02 ], [ 18.07, 39.92 ], [ 18.33, 39.8 ], [ 18.43, 40.02 ], [ 18.5, 40.12 ], [ 18.43, 40.27 ], [ 18.1, 40.52 ], [ 17.98, 40.65 ], [ 17.39, 40.89 ], [ 17.1, 41.06 ], [ 16.54, 41.23 ], [ 16.43, 41.27 ], [ 16.02, 41.43 ], [ 15.91, 41.59 ], [ 16.17, 41.77 ], [ 16.13, 41.91 ], [ 15.14, 41.93 ], [ 14.94, 42.0 ], [ 14.78, 42.07 ], [ 14.25, 42.44 ], [ 14.15, 42.53 ], [ 13.93, 42.86 ], [ 13.92, 42.89 ], [ 13.85, 43.07 ], [ 13.74, 43.29 ], [ 13.64, 43.47 ], [ 13.55, 43.6 ], [ 13.17, 43.75 ], [ 12.75, 43.97 ], [ 12.45, 44.16 ], [ 12.38, 44.22 ], [ 12.36, 44.26 ], [ 12.27, 44.63 ], [ 12.28, 44.8 ], [ 12.4, 44.79 ], [ 12.46, 44.93 ], [ 12.33, 45.16 ], [ 12.2, 45.26 ], [ 12.13, 45.3 ], [ 12.37, 45.43 ], [ 12.41, 45.53 ], [ 12.52, 45.49 ], [ 13.1, 45.64 ], [ 13.14, 45.76 ], [ 13.41, 45.73 ], [ 13.58, 45.79 ], [ 13.76, 45.63 ], [ 13.72, 45.59 ], [ 13.74, 45.6 ], [ 13.83, 45.59 ], [ 13.87, 45.61 ], [ 13.9, 45.64 ], [ 13.71, 45.78 ], [ 13.6, 45.81 ], [ 13.6, 45.82 ], [ 13.61, 45.9 ], [ 13.64, 45.94 ], [ 13.62, 45.98 ], [ 13.52, 45.98 ], [ 13.5, 46.05 ], [ 13.53, 46.07 ], [ 13.66, 46.17 ], [ 13.63, 46.19 ], [ 13.46, 46.22 ], [ 13.4, 46.3 ], [ 13.68, 46.44 ], [ 13.71, 46.52 ], [ 13.5, 46.57 ], [ 12.73, 46.63 ], [ 12.69, 46.66 ], [ 12.48, 46.68 ], [ 12.16, 46.91 ], [ 12.14, 47.0 ], [ 12.24, 47.07 ] ], [ [ 12.5, 41.96 ], [ 12.57, 41.91 ], [ 12.5, 41.86 ], [ 12.4, 41.91 ], [ 12.5, 41.96 ] ], [ [ 12.41, 43.95 ], [ 12.5, 43.99 ], [ 12.51, 43.95 ], [ 12.49, 43.9 ], [ 12.46, 43.89 ], [ 12.41, 43.91 ], [ 12.41, 43.95 ] ] ], [ [ [ 15.57, 38.28 ], [ 15.11, 38.13 ], [ 14.89, 38.18 ], [ 14.51, 38.04 ], [ 14.18, 38.02 ], [ 13.73, 37.98 ], [ 13.3, 38.21 ], [ 13.1, 38.17 ], [ 12.98, 38.04 ], [ 12.87, 38.05 ], [ 12.76, 38.15 ], [ 12.53, 38.04 ], [ 12.45, 37.89 ], [ 12.45, 37.78 ], [ 12.53, 37.67 ], [ 12.69, 37.57 ], [ 12.9, 37.58 ], [ 13.6, 37.25 ], [ 13.89, 37.11 ], [ 14.04, 37.11 ], [ 14.34, 37.0 ], [ 14.52, 36.79 ], [ 15.0, 36.7 ], [ 15.11, 36.68 ], [ 15.12, 36.85 ], [ 15.29, 37.03 ], [ 15.2, 37.19 ], [ 15.24, 37.25 ], [ 15.09, 37.36 ], [ 15.1, 37.47 ], [ 15.26, 37.81 ], [ 15.54, 38.15 ], [ 15.57, 38.28 ] ] ], [ [ [ 14.88, 38.6 ], [ 14.77, 38.58 ], [ 14.89, 38.47 ], [ 14.98, 38.47 ], [ 14.88, 38.6 ] ] ], [ [ [ 13.86, 40.77 ], [ 13.82, 40.7 ], [ 13.94, 40.69 ], [ 13.99, 40.72 ], [ 13.86, 40.77 ] ] ], [ [ [ 12.04, 36.81 ], [ 11.93, 36.77 ], [ 12.02, 36.72 ], [ 12.1, 36.76 ], [ 12.04, 36.81 ] ] ], [ [ [ 10.89, 42.42 ], [ 10.81, 42.36 ], [ 10.9, 42.31 ], [ 10.96, 42.35 ], [ 10.89, 42.42 ] ] ], [ [ [ 10.22, 42.8 ], [ 10.17, 42.77 ], [ 10.21, 42.75 ], [ 10.4, 42.73 ], [ 10.43, 42.86 ], [ 10.22, 42.8 ] ] ], [ [ [ 9.81, 43.11 ], [ 9.76, 43.01 ], [ 9.84, 42.99 ], [ 9.88, 43.07 ], [ 9.81, 43.11 ] ] ], [ [ [ 9.6, 40.91 ], [ 9.55, 41.12 ], [ 9.45, 41.15 ], [ 9.46, 41.23 ], [ 9.21, 41.24 ], [ 8.8, 40.94 ], [ 8.56, 40.84 ], [ 8.21, 40.86 ], [ 8.16, 40.6 ], [ 8.31, 40.57 ], [ 8.4, 40.41 ], [ 8.47, 40.26 ], [ 8.46, 40.06 ], [ 8.41, 39.94 ], [ 8.54, 39.87 ], [ 8.5, 39.71 ], [ 8.4, 39.47 ], [ 8.39, 39.01 ], [ 8.43, 38.98 ], [ 8.52, 39.05 ], [ 8.63, 38.91 ], [ 8.91, 38.92 ], [ 9.02, 39.0 ], [ 9.09, 39.2 ], [ 9.27, 39.22 ], [ 9.44, 39.13 ], [ 9.57, 39.18 ], [ 9.65, 39.55 ], [ 9.72, 40.06 ], [ 9.64, 40.24 ], [ 9.81, 40.49 ], [ 9.75, 40.66 ], [ 9.69, 40.79 ], [ 9.72, 40.88 ], [ 9.6, 40.91 ] ] ], [ [ [ 8.33, 41.14 ], [ 8.23, 41.11 ], [ 8.31, 41.03 ], [ 8.37, 41.07 ], [ 8.33, 41.14 ] ] ], [ [ [ 8.31, 39.2 ], [ 8.19, 39.15 ], [ 8.26, 39.09 ], [ 8.32, 39.1 ], [ 8.31, 39.2 ] ] ], [ [ [ 8.21, 41.0 ], [ 8.13, 40.93 ], [ 8.22, 40.88 ], [ 8.27, 40.95 ], [ 8.21, 41.0 ] ] ] ] } },
{ "type": "Feature", "properties": { "ISO3_CODE": "KOR", "NAME_ENGL": "South Korea" }, "geometry": { "type": "MultiPolygon", "coordinates": [ [ [ [ 130.89, 37.55 ], [ 130.77, 37.52 ], [ 130.86, 37.45 ], [ 130.93, 37.5 ], [ 130.89, 37.55 ] ] ], [ [ [ 128.36, 38.62 ], [ 128.25, 38.42 ], [ 128.08, 38.33 ], [ 127.1, 38.28 ], [ 126.95, 38.16 ], [ 126.69, 37.95 ], [ 126.69, 37.84 ], [ 126.66, 37.78 ], [ 126.6, 37.75 ], [ 126.53, 37.76 ], [ 126.53, 37.67 ], [ 126.58, 37.59 ], [ 126.47, 37.48 ], [ 126.74, 37.4 ], [ 126.56, 37.25 ], [ 126.91, 36.9 ], [ 126.5, 37.05 ], [ 126.39, 36.99 ], [ 126.36, 36.86 ], [ 126.22, 36.9 ], [ 126.13, 36.77 ], [ 126.2, 36.74 ], [ 126.22, 36.69 ], [ 126.28, 36.68 ], [ 126.37, 36.4 ], [ 126.44, 36.4 ], [ 126.38, 36.58 ], [ 126.45, 36.57 ], [ 126.54, 36.17 ], [ 126.74, 36.02 ], [ 126.54, 35.96 ], [ 126.48, 35.81 ], [ 126.53, 35.71 ], [ 126.49, 35.62 ], [ 126.57, 35.56 ], [ 126.45, 35.43 ], [ 126.36, 35.24 ], [ 126.4, 35.09 ], [ 126.1, 35.08 ], [ 126.17, 34.98 ], [ 126.31, 35.03 ], [ 126.31, 34.94 ], [ 126.37, 34.89 ], [ 126.33, 34.82 ], [ 126.37, 34.72 ], [ 126.28, 34.68 ], [ 126.13, 34.46 ], [ 126.17, 34.39 ], [ 126.3, 34.4 ], [ 126.42, 34.49 ], [ 126.53, 34.34 ], [ 126.72, 34.32 ], [ 126.78, 34.47 ], [ 126.87, 34.34 ], [ 127.02, 34.61 ], [ 127.24, 34.72 ], [ 127.3, 34.68 ], [ 127.2, 34.56 ], [ 127.45, 34.48 ], [ 127.44, 34.78 ], [ 127.5, 34.82 ], [ 127.58, 34.7 ], [ 127.67, 34.71 ], [ 127.76, 34.97 ], [ 127.93, 34.74 ], [ 128.05, 34.77 ], [ 127.95, 34.89 ], [ 128.0, 34.95 ], [ 128.23, 34.91 ], [ 128.51, 34.75 ], [ 128.66, 34.8 ], [ 128.7, 34.89 ], [ 128.67, 34.96 ], [ 128.5, 34.96 ], [ 128.51, 35.05 ], [ 128.65, 35.1 ], [ 128.82, 35.08 ], [ 129.08, 35.08 ], [ 129.31, 35.33 ], [ 129.43, 35.51 ], [ 129.45, 35.65 ], [ 129.57, 36.02 ], [ 129.54, 36.06 ], [ 129.43, 36.03 ], [ 129.38, 36.21 ], [ 129.47, 36.74 ], [ 129.36, 37.15 ], [ 129.07, 37.63 ], [ 128.62, 38.16 ], [ 128.36, 38.62 ] ] ], [ [ [ 128.5, 34.69 ], [ 128.4, 34.67 ], [ 128.45, 34.59 ], [ 128.53, 34.61 ], [ 128.5, 34.69 ] ] ], [ [ [ 128.23, 34.65 ], [ 128.17, 34.62 ], [ 128.12, 34.52 ], [ 128.22, 34.53 ], [ 128.23, 34.65 ] ] ], [ [ [ 127.73, 34.67 ], [ 127.64, 34.57 ], [ 127.76, 34.53 ], [ 127.77, 34.67 ], [ 127.73, 34.67 ] ] ], [ [ [ 127.09, 34.44 ], [ 127.02, 34.43 ], [ 126.96, 34.34 ], [ 127.08, 34.35 ], [ 127.09, 34.44 ] ] ], [ [ [ 126.9, 34.24 ], [ 126.81, 34.17 ], [ 126.9, 34.13 ], [ 126.95, 34.17 ], [ 126.9, 34.24 ] ] ], [ [ [ 126.92, 33.48 ], [ 126.72, 33.56 ], [ 126.37, 33.48 ], [ 126.2, 33.37 ], [ 126.17, 33.34 ], [ 126.16, 33.3 ], [ 126.2, 33.25 ], [ 126.59, 33.24 ], [ 126.84, 33.32 ], [ 126.92, 33.48 ] ] ], [ [ [ 126.6, 34.22 ], [ 126.48, 34.18 ], [ 126.6, 34.11 ], [ 126.69, 34.13 ], [ 126.6, 34.22 ] ] ], [ [ [ 126.4, 37.81 ], [ 126.32, 37.75 ], [ 126.24, 37.81 ], [ 126.2, 37.77 ], [ 126.25, 37.7 ], [ 126.4, 37.61 ], [ 126.51, 37.63 ], [ 126.47, 37.8 ], [ 126.4, 37.81 ] ] ], [ [ [ 126.45, 37.31 ], [ 126.38, 37.24 ], [ 126.48, 37.2 ], [ 126.51, 37.29 ], [ 126.45, 37.31 ] ] ], [ [ [ 126.34, 34.01 ], [ 126.27, 34.01 ], [ 126.24, 33.97 ], [ 126.33, 33.9 ], [ 126.37, 33.94 ], [ 126.34, 34.01 ] ] ], [ [ [ 126.32, 37.2 ], [ 126.22, 37.16 ], [ 126.3, 37.09 ], [ 126.36, 37.13 ], [ 126.32, 37.2 ] ] ], [ [ [ 126.19, 35.6 ], [ 126.24, 35.57 ], [ 126.35, 35.57 ], [ 126.3, 35.66 ], [ 126.19, 35.6 ] ] ], [ [ [ 126.11, 35.69 ], [ 126.02, 35.65 ], [ 126.12, 35.59 ], [ 126.2, 35.61 ], [ 126.11, 35.69 ] ] ], [ [ [ 126.09, 34.67 ], [ 125.95, 34.61 ], [ 126.08, 34.57 ], [ 126.18, 34.63 ], [ 126.09, 34.67 ] ] ], [ [ [ 125.99, 34.88 ], [ 126.07, 34.74 ], [ 126.16, 34.7 ], [ 126.15, 34.85 ], [ 125.99, 34.88 ] ] ], [ [ [ 126.09, 34.3 ], [ 126.0, 34.29 ], [ 126.07, 34.2 ], [ 126.15, 34.24 ], [ 126.09, 34.3 ] ] ], [ [ [ 126.05, 36.27 ], [ 125.96, 36.22 ], [ 126.05, 36.17 ], [ 126.13, 36.24 ], [ 126.05, 36.27 ] ] ], [ [ [ 125.97, 37.11 ], [ 125.94, 37.01 ], [ 126.04, 37.01 ], [ 126.04, 37.11 ], [ 125.97, 37.11 ] ] ], [ [ [ 125.99, 36.17 ], [ 125.93, 36.16 ], [ 125.99, 36.06 ], [ 126.02, 36.05 ], [ 126.04, 36.14 ], [ 125.99, 36.17 ] ] ], [ [ [ 125.98, 34.81 ], [ 125.88, 34.76 ], [ 125.95, 34.66 ], [ 126.03, 34.72 ], [ 125.98, 34.81 ] ] ], [ [ [ 124.68, 38.0 ], [ 124.59, 37.95 ], [ 124.69, 37.9 ], [ 124.76, 37.97 ], [ 124.68, 38.0 ] ] ] ] } },
{ "type": "Feature", "properties": { "ISO3_CODE": "LTU", "NAME_ENGL": "Lithuania" }, "geometry": { "type": "MultiPolygon", "coordinates": [ [ [ [ 24.67, 56.39 ], [ 24.5, 56.28 ], [ 24.15, 56.25 ], [ 23.96, 56.33 ], [ 23.34, 56.37 ], [ 23.09, 56.3 ], [ 22.92, 56.4 ], [ 22.64, 56.37 ], [ 22.43, 56.41 ], [ 22.09, 56.43 ], [ 21.98, 56.39 ], [ 21.54, 56.3 ], [ 21.23, 56.15 ], [ 21.12, 56.08 ], [ 21.06, 56.07 ], [ 21.06, 55.86 ], [ 21.08, 55.77 ], [ 21.16, 55.63 ], [ 21.25, 55.47 ], [ 21.27, 55.25 ], [ 21.38, 55.28 ], [ 21.65, 55.18 ], [ 22.08, 55.04 ], [ 22.28, 55.06 ], [ 22.43, 55.05 ], [ 22.59, 55.07 ], [ 22.84, 54.86 ], [ 22.85, 54.77 ], [ 22.76, 54.72 ], [ 22.69, 54.56 ], [ 22.79, 54.36 ], [ 23.0, 54.38 ], [ 23.32, 54.25 ], [ 23.49, 54.13 ], [ 23.51, 53.96 ], [ 23.83, 53.95 ], [ 24.2, 53.97 ], [ 24.39, 53.9 ], [ 24.62, 54.0 ], [ 24.76, 53.98 ], [ 24.84, 54.15 ], [ 25.08, 54.15 ], [ 25.24, 54.25 ], [ 25.49, 54.3 ], [ 25.56, 54.25 ], [ 25.57, 54.15 ], [ 25.76, 54.17 ], [ 25.74, 54.27 ], [ 25.58, 54.35 ], [ 25.64, 54.48 ], [ 25.75, 54.59 ], [ 25.75, 54.82 ], [ 25.89, 54.93 ], [ 26.21, 55.0 ], [ 26.27, 55.12 ], [ 26.65, 55.16 ], [ 26.74, 55.25 ], [ 26.73, 55.31 ], [ 26.53, 55.36 ], [ 26.55, 55.49 ], [ 26.63, 55.61 ], [ 26.63, 55.68 ], [ 26.37, 55.72 ], [ 26.05, 55.94 ], [ 25.82, 56.05 ], [ 25.64, 56.13 ], [ 25.17, 56.17 ], [ 24.88, 56.43 ], [ 24.67, 56.39 ] ] ], [ [ [ 21.25, 55.34 ], [ 21.23, 55.33 ], [ 21.24, 55.33 ], [ 21.25, 55.33 ], [ 21.25, 55.34 ] ] ], [ [ [ 21.08, 55.42 ], [ 21.04, 55.41 ], [ 20.95, 55.33 ], [ 21.01, 55.31 ], [ 21.07, 55.32 ], [ 21.08, 55.42 ] ] ] ] } },
{ "type": "Feature", "properties": { "ISO3_CODE": "LUX", "NAME_ENGL": "Luxembourg" }, "geometry": { "type": "MultiPolygon", "coordinates": [ [ [ [ 5.89, 49.66 ], [ 5.82, 49.55 ], [ 5.89, 49.5 ], [ 6.37, 49.47 ], [ 6.38, 49.55 ], [ 6.5, 49.73 ], [ 6.47, 49.82 ], [ 6.3, 49.86 ], [ 6.14, 50.02 ], [ 6.14, 50.13 ], [ 6.02, 50.18 ], [ 5.9, 50.1 ], [ 5.75, 49.85 ], [ 5.89, 49.66 ] ] ] ] } },
{ "type": "Feature", "properties": { "ISO3_CODE": "LVA", "NAME_ENGL": "Latvia" }, "geometry": { "type": "MultiPolygon", "coordinates": [ [ [ [ 26.02, 57.85 ], [ 25.33, 58.05 ], [ 25.05, 58.04 ], [ 24.35, 57.88 ], [ 24.4, 57.3 ], [ 24.34, 57.2 ], [ 23.91, 57.0 ], [ 23.55, 56.98 ], [ 23.27, 57.1 ], [ 23.12, 57.35 ], [ 22.68, 57.56 ], [ 22.58, 57.74 ], [ 22.43, 57.72 ], [ 21.7, 57.55 ], [ 21.43, 57.28 ], [ 21.37, 57.01 ], [ 21.08, 56.83 ], [ 20.99, 56.49 ], [ 20.98, 56.24 ], [ 21.06, 56.07 ], [ 21.12, 56.08 ], [ 21.23, 56.15 ], [ 21.54, 56.3 ], [ 21.98, 56.39 ], [ 22.09, 56.43 ], [ 22.43, 56.41 ], [ 22.64, 56.37 ], [ 22.92, 56.4 ], [ 23.09, 56.3 ], [ 23.34, 56.37 ], [ 23.96, 56.33 ], [ 24.15, 56.25 ], [ 24.5, 56.28 ], [ 24.67, 56.39 ], [ 24.88, 56.43 ], [ 25.17, 56.17 ], [ 25.64, 56.13 ], [ 25.82, 56.05 ], [ 26.05, 55.94 ], [ 26.37, 55.72 ], [ 26.63, 55.68 ], [ 26.82, 55.69 ], [ 27.1, 55.84 ], [ 27.59, 55.79 ], [ 27.68, 55.93 ], [ 28.15, 56.17 ], [ 28.22, 56.28 ], [ 28.12, 56.56 ], [ 27.87, 56.86 ], [ 27.68, 56.85 ], [ 27.85, 57.27 ], [ 27.69, 57.37 ], [ 27.55, 57.43 ], [ 27.53, 57.52 ], [ 27.35, 57.52 ], [ 26.93, 57.62 ], [ 26.55, 57.53 ], [ 26.29, 57.61 ], [ 26.02, 57.85 ] ] ] ] } },
{ "type": "Feature", "properties": { "ISO3_CODE": "MLT", "NAME_ENGL": "Malta" }, "geometry": { "type": "GeometryCollection", "geometries": [ { "type": "MultiPolygon", "coordinates": [ [ [ [ 14.55, 35.89 ], [ 14.56, 35.88 ], [ 14.57, 35.85 ], [ 14.54, 35.83 ], [ 14.5, 35.81 ], [ 14.46, 35.82 ], [ 14.43, 35.83 ], [ 14.39, 35.85 ], [ 14.36, 35.86 ], [ 14.34, 35.91 ], [ 14.34, 35.93 ], [ 14.36, 35.96 ], [ 14.39, 35.96 ], [ 14.43, 35.95 ], [ 14.46, 35.94 ], [ 14.49, 35.93 ], [ 14.5, 35.92 ], [ 14.51, 35.91 ], [ 14.5, 35.91 ], [ 14.5, 35.9 ], [ 14.49, 35.9 ], [ 14.5, 35.89 ], [ 14.51, 35.9 ], [ 14.52, 35.9 ], [ 14.51, 35.89 ], [ 14.52, 35.89 ], [ 14.53, 35.89 ], [ 14.55, 35.89 ] ], [ [ 14.5, 35.88 ], [ 14.51, 35.88 ], [ 14.51, 35.89 ], [ 14.5, 35.88 ] ] ], [ [ [ 14.32, 36.01 ], [ 14.31, 36.02 ], [ 14.34, 36.02 ], [ 14.35, 36.01 ], [ 14.33, 36.0 ], [ 14.32, 36.01 ] ] ], [ [ [ 14.21, 36.03 ], [ 14.19, 36.03 ], [ 14.19, 36.04 ], [ 14.19, 36.05 ], [ 14.19, 36.06 ], [ 14.21, 36.08 ], [ 14.23, 36.08 ], [ 14.27, 36.07 ], [ 14.31, 36.05 ], [ 14.31, 36.04 ], [ 14.31, 36.03 ], [ 14.3, 36.03 ], [ 14.29, 36.02 ], [ 14.27, 36.02 ], [ 14.23, 36.02 ], [ 14.21, 36.03 ] ] ] ] }, { "type": "LineString", "coordinates": [ [ 14.52, 35.89 ], [ 14.52, 35.88 ] ] } ] } },
{ "type": "Feature", "properties": { "ISO3_CODE": "NLD", "NAME_ENGL": "Netherlands" }, "geometry": { "type": "MultiPolygon", "coordinates": [ [ [ [ 7.2, 53.11 ], [ 7.21, 53.24 ], [ 7.09, 53.26 ], [ 7.07, 53.3 ], [ 6.92, 53.34 ], [ 6.87, 53.41 ], [ 6.75, 53.46 ], [ 6.19, 53.41 ], [ 5.62, 53.31 ], [ 5.41, 53.15 ], [ 5.16, 53.0 ], [ 4.83, 52.91 ], [ 4.79, 53.0 ], [ 4.9, 53.11 ], [ 4.83, 53.16 ], [ 4.73, 53.06 ], [ 4.65, 52.76 ], [ 4.61, 52.57 ], [ 4.56, 52.44 ], [ 4.49, 52.33 ], [ 4.44, 52.26 ], [ 4.41, 52.22 ], [ 4.37, 52.19 ], [ 4.2, 52.05 ], [ 4.13, 52.0 ], [ 4.0, 51.97 ], [ 4.05, 51.85 ], [ 3.84, 51.76 ], [ 3.85, 51.59 ], [ 3.69, 51.58 ], [ 3.62, 51.48 ], [ 4.24, 51.37 ], [ 4.28, 51.38 ], [ 4.4, 51.37 ], [ 4.41, 51.44 ], [ 4.49, 51.47 ], [ 4.67, 51.43 ], [ 4.76, 51.5 ], [ 4.88, 51.43 ], [ 5.04, 51.47 ], [ 5.1, 51.43 ], [ 5.1, 51.36 ], [ 5.24, 51.26 ], [ 5.49, 51.29 ], [ 5.57, 51.22 ], [ 5.79, 51.16 ], [ 5.8, 51.06 ], [ 5.77, 51.01 ], [ 5.67, 50.87 ], [ 5.69, 50.81 ], [ 5.68, 50.76 ], [ 5.77, 50.78 ], [ 5.89, 50.76 ], [ 6.02, 50.75 ], [ 6.09, 50.91 ], [ 5.88, 51.03 ], [ 6.17, 51.18 ], [ 6.07, 51.24 ], [ 6.22, 51.36 ], [ 6.19, 51.52 ], [ 5.95, 51.75 ], [ 5.99, 51.82 ], [ 6.17, 51.9 ], [ 6.41, 51.83 ], [ 6.78, 51.94 ], [ 6.76, 52.12 ], [ 7.07, 52.24 ], [ 7.0, 52.44 ], [ 6.7, 52.49 ], [ 6.71, 52.63 ], [ 7.01, 52.64 ], [ 7.09, 52.84 ], [ 7.19, 52.97 ], [ 7.2, 53.11 ] ] ], [ [ [ 5.68, 53.5 ], [ 5.58, 53.45 ], [ 5.68, 53.4 ], [ 5.76, 53.46 ], [ 5.68, 53.5 ] ] ], [ [ [ 5.35, 53.45 ], [ 5.25, 53.41 ], [ 5.36, 53.36 ], [ 5.43, 53.4 ], [ 5.35, 53.45 ] ] ], [ [ [ 3.44, 51.37 ], [ 3.37, 51.37 ], [ 3.38, 51.27 ], [ 3.44, 51.28 ], [ 3.62, 51.3 ], [ 3.86, 51.21 ], [ 3.98, 51.23 ], [ 4.23, 51.35 ], [ 3.44, 51.37 ] ] ] ] } },
{ "type": "Feature", "properties": { "ISO3_CODE": "NOR", "NAME_ENGL": "Norway" }, "geometry": { "type": "MultiPolygon", "coordinates": [ [ [ [ 25.8, 70.99 ], [ 25.78, 71.07 ], [ 25.47, 71.08 ], [ 25.13, 70.91 ], [ 24.63, 70.89 ], [ 24.21, 70.61 ], [ 23.84, 70.65 ], [ 23.64, 70.54 ], [ 23.28, 70.54 ], [ 22.43, 70.28 ], [ 21.78, 70.29 ], [ 21.49, 70.17 ], [ 21.72, 70.03 ], [ 21.78, 69.93 ], [ 21.04, 69.91 ], [ 20.8, 70.1 ], [ 20.6, 70.13 ], [ 20.63, 69.87 ], [ 20.51, 69.67 ], [ 20.4, 69.59 ], [ 20.24, 69.82 ], [ 19.74, 69.75 ], [ 19.57, 69.98 ], [ 19.09, 70.15 ], [ 18.82, 70.07 ], [ 18.55, 69.77 ], [ 17.99, 69.65 ], [ 17.99, 69.62 ], [ 17.99, 69.51 ], [ 17.84, 69.44 ], [ 17.8, 69.46 ], [ 17.82, 69.54 ], [ 17.69, 69.56 ], [ 17.0, 69.37 ], [ 16.93, 69.07 ], [ 17.11, 69.03 ], [ 17.39, 69.13 ], [ 17.62, 69.13 ], [ 17.61, 69.07 ], [ 17.49, 69.03 ], [ 17.52, 68.86 ], [ 17.23, 68.9 ], [ 17.2, 68.74 ], [ 17.12, 68.73 ], [ 17.03, 68.82 ], [ 16.84, 68.69 ], [ 16.66, 68.67 ], [ 16.55, 68.79 ], [ 16.51, 69.07 ], [ 16.32, 68.96 ], [ 16.33, 68.88 ], [ 16.06, 68.72 ], [ 16.01, 68.76 ], [ 15.94, 68.94 ], [ 15.96, 69.13 ], [ 15.9, 69.17 ], [ 15.61, 69.02 ], [ 15.42, 68.71 ], [ 15.17, 68.52 ], [ 13.78, 68.28 ], [ 13.51, 68.13 ], [ 13.75, 68.11 ], [ 15.62, 68.36 ], [ 16.11, 68.54 ], [ 16.14, 68.41 ], [ 16.35, 68.42 ], [ 16.56, 68.45 ], [ 16.99, 68.49 ], [ 17.23, 68.44 ], [ 17.17, 68.39 ], [ 16.72, 68.4 ], [ 16.33, 68.34 ], [ 16.31, 68.23 ], [ 16.44, 68.03 ], [ 16.41, 68.0 ], [ 16.2, 68.02 ], [ 15.95, 68.19 ], [ 15.44, 68.1 ], [ 15.41, 68.05 ], [ 15.46, 67.97 ], [ 15.18, 67.99 ], [ 14.92, 67.92 ], [ 14.86, 67.83 ], [ 14.91, 67.7 ], [ 15.3, 67.73 ], [ 15.19, 67.54 ], [ 14.85, 67.52 ], [ 14.6, 67.38 ], [ 14.63, 67.26 ], [ 14.58, 67.2 ], [ 14.14, 67.13 ], [ 13.59, 66.85 ], [ 13.37, 66.83 ], [ 12.96, 66.18 ], [ 12.83, 66.26 ], [ 12.63, 66.09 ], [ 12.3, 66.16 ], [ 12.23, 66.0 ], [ 12.45, 65.97 ], [ 12.58, 65.84 ], [ 12.14, 65.46 ], [ 12.12, 65.3 ], [ 12.13, 65.19 ], [ 12.05, 65.06 ], [ 11.98, 65.07 ], [ 12.01, 65.15 ], [ 11.94, 65.15 ], [ 11.39, 64.97 ], [ 10.89, 64.92 ], [ 10.9, 64.87 ], [ 11.23, 64.83 ], [ 11.38, 64.72 ], [ 11.11, 64.56 ], [ 10.86, 64.54 ], [ 10.77, 64.42 ], [ 10.45, 64.37 ], [ 10.2, 64.19 ], [ 10.05, 63.96 ], [ 9.74, 63.78 ], [ 10.08, 63.55 ], [ 10.75, 63.66 ], [ 10.7, 63.48 ], [ 10.05, 63.4 ], [ 9.7, 63.57 ], [ 9.3, 63.55 ], [ 9.04, 63.61 ], [ 8.72, 63.78 ], [ 8.42, 63.52 ], [ 8.5, 63.45 ], [ 8.76, 63.42 ], [ 8.55, 63.26 ], [ 8.83, 63.2 ], [ 8.2, 63.11 ], [ 8.26, 63.02 ], [ 8.45, 62.99 ], [ 8.47, 62.9 ], [ 8.34, 62.91 ], [ 8.05, 63.08 ], [ 7.95, 62.96 ], [ 7.8, 62.98 ], [ 7.83, 63.07 ], [ 7.79, 63.08 ], [ 7.04, 62.96 ], [ 6.68, 62.61 ], [ 6.55, 62.66 ], [ 6.28, 62.57 ], [ 6.38, 62.5 ], [ 6.36, 62.34 ], [ 6.12, 62.33 ], [ 5.92, 62.4 ], [ 5.79, 62.3 ], [ 5.56, 62.4 ], [ 5.47, 62.14 ], [ 5.49, 62.02 ], [ 5.21, 62.1 ], [ 4.93, 61.85 ], [ 5.09, 61.55 ], [ 5.03, 61.32 ], [ 5.28, 61.11 ], [ 4.96, 60.98 ], [ 4.86, 60.82 ], [ 5.04, 60.28 ], [ 5.51, 60.22 ], [ 5.61, 60.16 ], [ 5.55, 60.08 ], [ 5.21, 59.99 ], [ 5.15, 59.85 ], [ 5.18, 59.73 ], [ 5.44, 59.82 ], [ 5.51, 59.97 ], [ 5.61, 59.91 ], [ 5.89, 60.02 ], [ 5.82, 59.65 ], [ 5.61, 59.67 ], [ 5.46, 59.5 ], [ 5.52, 59.57 ], [ 5.54, 59.69 ], [ 5.52, 59.72 ], [ 5.44, 59.68 ], [ 5.27, 59.55 ], [ 5.3, 59.48 ], [ 5.19, 59.31 ], [ 5.24, 59.17 ], [ 5.45, 59.2 ], [ 5.62, 59.33 ], [ 5.82, 59.35 ], [ 5.87, 59.48 ], [ 6.1, 59.32 ], [ 6.1, 59.21 ], [ 5.93, 59.12 ], [ 6.02, 58.98 ], [ 5.6, 59.0 ], [ 5.53, 58.72 ], [ 5.71, 58.54 ], [ 6.44, 58.29 ], [ 6.65, 58.22 ], [ 6.61, 58.12 ], [ 6.66, 58.08 ], [ 6.84, 58.1 ], [ 7.05, 58.02 ], [ 7.16, 58.05 ], [ 7.59, 57.98 ], [ 8.29, 58.15 ], [ 8.87, 58.46 ], [ 9.17, 58.72 ], [ 9.37, 58.77 ], [ 9.46, 58.9 ], [ 9.72, 58.99 ], [ 9.83, 58.99 ], [ 9.96, 58.98 ], [ 10.46, 59.15 ], [ 10.49, 59.37 ], [ 10.38, 59.53 ], [ 10.55, 59.52 ], [ 10.64, 59.61 ], [ 10.65, 59.44 ], [ 10.66, 59.34 ], [ 10.73, 59.31 ], [ 10.75, 59.23 ], [ 10.76, 59.19 ], [ 10.79, 59.19 ], [ 10.81, 59.16 ], [ 10.87, 59.18 ], [ 10.88, 59.17 ], [ 10.89, 59.13 ], [ 10.86, 59.12 ], [ 10.84, 59.1 ], [ 10.87, 59.05 ], [ 10.89, 59.04 ], [ 10.96, 59.09 ], [ 10.97, 59.08 ], [ 11.01, 59.0 ], [ 11.05, 58.99 ], [ 11.05, 59.02 ], [ 11.08, 59.05 ], [ 11.08, 59.06 ], [ 11.08, 59.06 ], [ 11.08, 59.06 ], [ 11.08, 59.06 ], [ 11.08, 59.06 ], [ 11.08, 59.06 ], [ 11.08, 59.06 ], [ 11.08, 59.06 ], [ 11.08, 59.06 ], [ 11.08, 59.06 ], [ 11.08, 59.06 ], [ 11.07, 59.07 ], [ 11.08, 59.07 ], [ 11.08, 59.08 ], [ 11.08, 59.08 ], [ 11.09, 59.09 ], [ 11.09, 59.09 ], [ 11.1, 59.09 ], [ 11.1, 59.09 ], [ 11.1, 59.09 ], [ 11.1, 59.09 ], [ 11.1, 59.09 ], [ 11.1, 59.09 ], [ 11.1, 59.09 ], [ 11.1, 59.09 ], [ 11.1, 59.09 ], [ 11.13, 59.1 ], [ 11.14, 59.12 ], [ 11.13, 59.14 ], [ 11.17, 59.16 ], [ 11.22, 59.13 ], [ 11.2, 59.1 ], [ 11.22, 59.09 ], [ 11.32, 59.12 ], [ 11.37, 59.11 ], [ 11.41, 59.06 ], [ 11.43, 59.06 ], [ 11.43, 59.04 ], [ 11.47, 58.99 ], [ 11.46, 58.99 ], [ 11.48, 58.89 ], [ 11.64, 58.91 ], [ 11.83, 59.24 ], [ 11.82, 59.34 ], [ 11.71, 59.58 ], [ 11.76, 59.61 ], [ 11.92, 59.7 ], [ 11.92, 59.78 ], [ 11.84, 59.84 ], [ 12.21, 59.91 ], [ 12.47, 60.07 ], [ 12.6, 60.49 ], [ 12.25, 61.0 ], [ 12.67, 61.06 ], [ 12.85, 61.36 ], [ 12.59, 61.55 ], [ 12.41, 61.58 ], [ 12.16, 61.72 ], [ 12.23, 62.04 ], [ 12.3, 62.27 ], [ 12.25, 62.33 ], [ 12.07, 62.61 ], [ 12.12, 62.75 ], [ 12.09, 62.9 ], [ 12.19, 63.02 ], [ 12.0, 63.27 ], [ 12.19, 63.47 ], [ 12.17, 63.6 ], [ 12.67, 63.96 ], [ 12.93, 64.05 ], [ 13.22, 64.09 ], [ 13.99, 64.03 ], [ 14.14, 64.2 ], [ 14.14, 64.27 ], [ 14.12, 64.42 ], [ 13.69, 64.58 ], [ 13.8, 64.71 ], [ 14.33, 65.12 ], [ 14.5, 65.33 ], [ 14.52, 65.59 ], [ 14.61, 65.81 ], [ 14.54, 66.06 ], [ 14.56, 66.13 ], [ 15.03, 66.16 ], [ 15.41, 66.26 ], [ 15.45, 66.35 ], [ 15.46, 66.52 ], [ 16.37, 67.07 ], [ 16.38, 67.2 ], [ 16.13, 67.42 ], [ 16.15, 67.49 ], [ 16.51, 67.62 ], [ 16.78, 67.92 ], [ 17.24, 68.09 ], [ 17.93, 68.01 ], [ 18.12, 68.21 ], [ 18.13, 68.54 ], [ 18.41, 68.57 ], [ 19.94, 68.38 ], [ 20.11, 68.46 ], [ 20.04, 68.57 ], [ 20.22, 68.69 ], [ 20.3, 68.82 ], [ 20.2, 69.02 ], [ 20.55, 69.06 ], [ 20.73, 69.11 ], [ 21.05, 69.05 ], [ 21.09, 69.1 ], [ 21.02, 69.21 ], [ 21.3, 69.31 ], [ 21.63, 69.27 ], [ 21.98, 69.07 ], [ 22.46, 68.72 ], [ 23.22, 68.64 ], [ 23.62, 68.71 ], [ 23.92, 68.83 ], [ 24.9, 68.59 ], [ 25.08, 68.65 ], [ 25.26, 68.83 ], [ 25.72, 68.98 ], [ 25.73, 69.27 ], [ 26.0, 69.7 ], [ 26.52, 69.94 ], [ 27.07, 69.92 ], [ 27.89, 70.08 ], [ 28.44, 69.82 ], [ 29.09, 69.7 ], [ 29.24, 69.57 ], [ 29.28, 69.5 ], [ 29.24, 69.42 ], [ 28.85, 69.21 ], [ 28.84, 69.12 ], [ 28.93, 69.05 ], [ 29.06, 69.03 ], [ 29.2, 69.09 ], [ 29.34, 69.31 ], [ 30.08, 69.46 ], [ 30.17, 69.55 ], [ 30.17, 69.65 ], [ 30.55, 69.54 ], [ 30.89, 69.55 ], [ 30.94, 69.66 ], [ 30.84, 69.78 ], [ 30.84, 69.78 ], [ 30.06, 69.83 ], [ 29.75, 70.0 ], [ 30.78, 70.27 ], [ 30.86, 70.34 ], [ 30.77, 70.43 ], [ 30.08, 70.66 ], [ 29.09, 70.81 ], [ 28.68, 70.72 ], [ 28.37, 70.54 ], [ 28.21, 70.53 ], [ 28.13, 70.65 ], [ 28.26, 70.96 ], [ 27.96, 71.07 ], [ 27.39, 70.96 ], [ 27.19, 70.74 ], [ 26.82, 70.51 ], [ 26.67, 70.53 ], [ 26.61, 70.77 ], [ 26.44, 70.83 ], [ 25.18, 70.21 ], [ 25.1, 70.23 ], [ 25.14, 70.33 ], [ 25.33, 70.57 ], [ 25.73, 70.87 ], [ 25.8, 70.99 ] ] ], [ [ [ 26.16, 71.08 ], [ 26.07, 71.03 ], [ 26.16, 70.99 ], [ 26.24, 71.05 ], [ 26.16, 71.08 ] ] ], [ [ [ 25.87, 70.74 ], [ 25.74, 70.68 ], [ 25.81, 70.64 ], [ 25.92, 70.7 ], [ 25.87, 70.74 ] ] ], [ [ [ 24.77, 71.11 ], [ 24.68, 71.07 ], [ 24.78, 71.02 ], [ 24.85, 71.07 ], [ 24.77, 71.11 ] ] ], [ [ [ 24.05, 71.03 ], [ 23.89, 70.99 ], [ 24.03, 70.92 ], [ 24.15, 70.96 ], [ 24.05, 71.03 ] ] ], [ [ [ 23.09, 70.68 ], [ 22.35, 70.71 ], [ 21.94, 70.57 ], [ 22.16, 70.47 ], [ 22.75, 70.49 ], [ 23.09, 70.68 ] ] ], [ [ [ 21.42, 70.41 ], [ 21.35, 70.34 ], [ 21.44, 70.3 ], [ 21.49, 70.36 ], [ 21.42, 70.41 ] ] ], [ [ [ 20.25, 70.31 ], [ 20.16, 70.3 ], [ 20.2, 70.21 ], [ 20.28, 70.23 ], [ 20.25, 70.31 ] ] ], [ [ [ 19.73, 70.27 ], [ 19.49, 70.24 ], [ 19.72, 70.06 ], [ 19.92, 70.07 ], [ 19.73, 70.27 ] ] ], [ [ [ 19.43, 70.18 ], [ 19.34, 70.13 ], [ 19.45, 70.08 ], [ 19.52, 70.1 ], [ 19.43, 70.18 ] ] ], [ [ [ 16.69, 69.01 ], [ 16.62, 68.95 ], [ 16.71, 68.9 ], [ 16.76, 68.97 ], [ 16.69, 69.01 ] ] ], [ [ [ 16.16, 68.38 ], [ 16.05, 68.33 ], [ 16.15, 68.29 ], [ 16.22, 68.33 ], [ 16.16, 68.38 ] ] ], [ [ [ 15.32, 68.9 ], [ 15.12, 69.0 ], [ 14.86, 68.83 ], [ 14.52, 68.78 ], [ 14.41, 68.65 ], [ 14.68, 68.64 ], [ 14.71, 68.53 ], [ 14.81, 68.5 ], [ 15.4, 68.76 ], [ 15.32, 68.9 ] ] ], [ [ [ 14.39, 67.46 ], [ 14.29, 67.42 ], [ 14.4, 67.37 ], [ 14.47, 67.42 ], [ 14.39, 67.46 ] ] ], [ [ [ 13.9, 67.46 ], [ 13.82, 67.41 ], [ 13.94, 67.37 ], [ 14.0, 67.41 ], [ 13.9, 67.46 ] ] ], [ [ [ 13.82, 67.19 ], [ 13.77, 67.2 ], [ 13.66, 67.19 ], [ 13.67, 67.15 ], [ 13.7, 67.13 ], [ 13.8, 67.15 ], [ 13.82, 67.19 ] ] ], [ [ [ 13.11, 66.82 ], [ 13.02, 66.79 ], [ 13.09, 66.73 ], [ 13.19, 66.76 ], [ 13.11, 66.82 ] ] ], [ [ [ 13.04, 66.67 ], [ 12.94, 66.7 ], [ 12.99, 66.59 ], [ 13.07, 66.6 ], [ 13.04, 66.67 ] ] ], [ [ [ 12.94, 66.4 ], [ 12.94, 66.44 ], [ 12.82, 66.44 ], [ 12.79, 66.41 ], [ 12.81, 66.38 ], [ 12.88, 66.38 ], [ 12.94, 66.4 ] ] ], [ [ [ 12.82, 66.64 ], [ 12.75, 66.58 ], [ 12.84, 66.54 ], [ 12.9, 66.6 ], [ 12.82, 66.64 ] ] ], [ [ [ 12.66, 66.62 ], [ 12.56, 66.57 ], [ 12.65, 66.52 ], [ 12.72, 66.57 ], [ 12.66, 66.62 ] ] ], [ [ [ 12.62, 66.36 ], [ 12.51, 66.31 ], [ 12.61, 66.26 ], [ 12.68, 66.3 ], [ 12.62, 66.36 ] ] ], [ [ [ 12.18, 65.9 ], [ 12.11, 65.85 ], [ 12.25, 65.77 ], [ 12.3, 65.81 ], [ 12.18, 65.9 ] ] ], [ [ [ 12.21, 66.27 ], [ 12.12, 66.22 ], [ 12.22, 66.18 ], [ 12.29, 66.25 ], [ 12.21, 66.27 ] ] ], [ [ [ 12.14, 66.61 ], [ 12.07, 66.58 ], [ 12.11, 66.46 ], [ 12.18, 66.54 ], [ 12.14, 66.61 ] ] ], [ [ [ 12.08, 67.56 ], [ 11.99, 67.51 ], [ 12.08, 67.45 ], [ 12.13, 67.49 ], [ 12.08, 67.56 ] ] ], [ [ [ 12.1, 65.73 ], [ 12.11, 65.84 ], [ 11.82, 65.64 ], [ 11.87, 65.62 ], [ 12.0, 65.63 ], [ 12.1, 65.73 ] ] ], [ [ [ 12.0, 65.28 ], [ 11.92, 65.22 ], [ 11.97, 65.2 ], [ 12.05, 65.22 ], [ 12.0, 65.28 ] ] ], [ [ [ 10.96, 65.16 ], [ 10.86, 65.11 ], [ 10.96, 65.07 ], [ 11.03, 65.11 ], [ 10.96, 65.16 ] ] ], [ [ [ 9.4, 63.86 ], [ 9.31, 63.79 ], [ 9.36, 63.73 ], [ 9.43, 63.76 ], [ 9.4, 63.86 ] ] ], [ [ [ 9.22, 64.03 ], [ 9.17, 64.05 ], [ 9.09, 64.03 ], [ 9.07, 63.96 ], [ 9.2, 64.0 ], [ 9.22, 64.03 ] ] ], [ [ [ 8.01, 63.49 ], [ 7.68, 63.38 ], [ 7.85, 63.27 ], [ 8.17, 63.39 ], [ 8.01, 63.49 ] ] ], [ [ [ 6.31, 62.47 ], [ 6.13, 62.44 ], [ 6.11, 62.4 ], [ 6.27, 62.4 ], [ 6.31, 62.47 ] ] ], [ [ [ 6.0, 59.31 ], [ 5.91, 59.26 ], [ 6.01, 59.22 ], [ 6.08, 59.28 ], [ 6.0, 59.31 ] ] ], [ [ [ 5.75, 59.25 ], [ 5.81, 59.14 ], [ 5.86, 59.14 ], [ 5.83, 59.25 ], [ 5.75, 59.25 ] ] ], [ [ [ 5.75, 59.14 ], [ 5.64, 59.11 ], [ 5.74, 59.05 ], [ 5.82, 59.09 ], [ 5.75, 59.14 ] ] ], [ [ [ 4.91, 61.19 ], [ 4.75, 61.11 ], [ 4.93, 61.06 ], [ 5.05, 61.13 ], [ 4.91, 61.19 ] ] ], [ [ [ 4.86, 59.33 ], [ 4.77, 59.29 ], [ 4.84, 59.23 ], [ 4.92, 59.28 ], [ 4.86, 59.33 ] ] ], [ [ [ 4.84, 61.32 ], [ 4.76, 61.27 ], [ 4.85, 61.22 ], [ 4.92, 61.29 ], [ 4.84, 61.32 ] ] ], [ [ [ 4.82, 60.66 ], [ 4.71, 60.62 ], [ 4.82, 60.52 ], [ 4.89, 60.52 ], [ 4.82, 60.66 ] ] ], [ [ [ 4.88, 61.7 ], [ 4.76, 61.65 ], [ 4.81, 61.56 ], [ 4.88, 61.57 ], [ 4.88, 61.7 ] ] ], [ [ [ 4.7, 61.09 ], [ 4.61, 61.05 ], [ 4.69, 60.97 ], [ 4.75, 60.99 ], [ 4.7, 61.09 ] ] ], [ [ [ 4.65, 61.34 ], [ 4.56, 61.29 ], [ 4.65, 61.25 ], [ 4.74, 61.32 ], [ 4.65, 61.34 ] ] ] ] } },
{ "type": "Feature", "properties": { "ISO3_CODE": "POL", "NAME_ENGL": "Poland" }, "geometry": { "type": "MultiPolygon", "coordinates": [ [ [ [ 19.18, 54.35 ], [ 18.95, 54.36 ], [ 18.61, 54.44 ], [ 18.54, 54.58 ], [ 18.33, 54.83 ], [ 17.67, 54.78 ], [ 17.25, 54.73 ], [ 16.7, 54.57 ], [ 16.65, 54.57 ], [ 16.14, 54.29 ], [ 15.39, 54.16 ], [ 14.23, 53.93 ], [ 14.21, 53.87 ], [ 14.22, 53.86 ], [ 14.55, 53.85 ], [ 14.6, 53.79 ], [ 14.55, 53.75 ], [ 14.49, 53.68 ], [ 14.27, 53.7 ], [ 14.41, 53.33 ], [ 14.35, 53.07 ], [ 14.14, 52.96 ], [ 14.16, 52.9 ], [ 14.16, 52.83 ], [ 14.44, 52.68 ], [ 14.57, 52.62 ], [ 14.63, 52.52 ], [ 14.53, 52.4 ], [ 14.6, 52.27 ], [ 14.7, 52.23 ], [ 14.76, 52.07 ], [ 14.72, 52.0 ], [ 14.61, 51.83 ], [ 14.74, 51.66 ], [ 14.73, 51.58 ], [ 14.93, 51.47 ], [ 14.97, 51.36 ], [ 15.02, 51.28 ], [ 15.0, 51.14 ], [ 14.82, 50.87 ], [ 14.98, 50.88 ], [ 15.07, 51.01 ], [ 15.24, 50.98 ], [ 15.38, 50.8 ], [ 15.54, 50.78 ], [ 15.81, 50.74 ], [ 16.03, 50.63 ], [ 16.11, 50.66 ], [ 16.41, 50.6 ], [ 16.25, 50.43 ], [ 16.51, 50.26 ], [ 16.58, 50.14 ], [ 16.71, 50.12 ], [ 16.86, 50.2 ], [ 17.0, 50.27 ], [ 16.89, 50.41 ], [ 16.91, 50.45 ], [ 17.43, 50.25 ], [ 17.73, 50.29 ], [ 17.74, 50.21 ], [ 17.65, 50.13 ], [ 17.84, 49.99 ], [ 18.04, 50.07 ], [ 18.33, 49.93 ], [ 18.58, 49.91 ], [ 18.61, 49.75 ], [ 18.8, 49.66 ], [ 18.85, 49.52 ], [ 18.95, 49.5 ], [ 19.02, 49.41 ], [ 19.14, 49.41 ], [ 19.47, 49.61 ], [ 19.66, 49.41 ], [ 19.78, 49.39 ], [ 19.78, 49.22 ], [ 19.88, 49.2 ], [ 20.08, 49.2 ], [ 20.19, 49.34 ], [ 20.61, 49.42 ], [ 20.94, 49.31 ], [ 21.09, 49.42 ], [ 21.4, 49.43 ], [ 21.87, 49.37 ], [ 22.09, 49.22 ], [ 22.57, 49.09 ], [ 22.87, 49.0 ], [ 22.74, 49.22 ], [ 22.69, 49.57 ], [ 22.85, 49.71 ], [ 23.25, 50.06 ], [ 23.46, 50.2 ], [ 23.55, 50.25 ], [ 23.66, 50.33 ], [ 23.73, 50.38 ], [ 24.0, 50.43 ], [ 24.1, 50.64 ], [ 23.98, 50.8 ], [ 24.09, 50.87 ], [ 23.94, 51.04 ], [ 23.71, 51.28 ], [ 23.62, 51.51 ], [ 23.54, 51.72 ], [ 23.62, 51.8 ], [ 23.66, 52.04 ], [ 23.48, 52.17 ], [ 23.18, 52.28 ], [ 23.42, 52.51 ], [ 23.8, 52.64 ], [ 23.94, 52.78 ], [ 23.92, 52.9 ], [ 23.89, 53.16 ], [ 23.59, 53.7 ], [ 23.58, 53.75 ], [ 23.51, 53.96 ], [ 23.49, 54.13 ], [ 23.32, 54.25 ], [ 23.0, 54.38 ], [ 22.79, 54.36 ], [ 22.43, 54.35 ], [ 21.56, 54.32 ], [ 20.31, 54.4 ], [ 20.11, 54.42 ], [ 20.0, 54.43 ], [ 19.8, 54.44 ], [ 19.41, 54.28 ], [ 19.26, 54.28 ], [ 19.18, 54.35 ] ] ] ] } },
{ "type": "Feature", "properties": { "ISO3_CODE": "PRT", "NAME_ENGL": "Portugal" }, "geometry": { "type": "MultiPolygon", "coordinates": [ [ [ [ -8.1, 42.04 ], [ -8.2, 42.15 ], [ -8.6, 42.05 ], [ -8.86, 41.87 ], [ -8.87, 41.86 ], [ -8.81, 41.61 ], [ -8.78, 41.47 ], [ -8.65, 40.96 ], [ -8.69, 40.69 ], [ -8.78, 40.52 ], [ -8.89, 40.05 ], [ -9.04, 39.74 ], [ -9.09, 39.58 ], [ -9.34, 39.35 ], [ -9.42, 39.05 ], [ -9.49, 38.77 ], [ -9.45, 38.71 ], [ -9.16, 38.71 ], [ -9.04, 38.86 ], [ -8.97, 38.83 ], [ -8.92, 38.76 ], [ -9.06, 38.66 ], [ -9.23, 38.66 ], [ -9.19, 38.45 ], [ -8.74, 38.52 ], [ -8.86, 37.98 ], [ -8.8, 37.86 ], [ -8.8, 37.44 ], [ -8.96, 37.02 ], [ -8.58, 37.11 ], [ -8.17, 37.08 ], [ -7.87, 36.99 ], [ -7.4, 37.17 ], [ -7.4, 37.17 ], [ -7.51, 37.53 ], [ -7.24, 37.96 ], [ -7.01, 38.04 ], [ -6.93, 38.21 ], [ -7.11, 38.19 ], [ -7.31, 38.46 ], [ -7.2, 38.75 ], [ -6.97, 39.02 ], [ -7.22, 39.21 ], [ -7.23, 39.28 ], [ -7.31, 39.46 ], [ -7.54, 39.66 ], [ -7.02, 39.69 ], [ -6.88, 39.98 ], [ -7.01, 40.16 ], [ -6.95, 40.26 ], [ -6.87, 40.27 ], [ -6.8, 40.36 ], [ -6.82, 40.86 ], [ -6.93, 41.03 ], [ -6.81, 41.06 ], [ -6.69, 41.21 ], [ -6.48, 41.29 ], [ -6.33, 41.4 ], [ -6.22, 41.6 ], [ -6.52, 41.68 ], [ -6.58, 41.94 ], [ -6.99, 41.97 ], [ -7.16, 41.97 ], [ -7.2, 41.88 ], [ -7.42, 41.83 ], [ -7.73, 41.9 ], [ -8.05, 41.82 ], [ -8.17, 41.82 ], [ -8.2, 41.92 ], [ -8.1, 42.04 ] ] ], [ [ [ -15.84, 30.2 ], [ -15.9, 30.19 ], [ -15.93, 30.14 ], [ -15.89, 30.1 ], [ -15.81, 30.1 ], [ -15.84, 30.2 ] ] ], [ [ [ -16.3, 33.13 ], [ -16.4, 33.09 ], [ -16.29, 33.04 ], [ -16.23, 33.1 ], [ -16.3, 33.13 ] ] ], [ [ [ -16.76, 32.73 ], [ -16.91, 32.83 ], [ -17.19, 32.86 ], [ -17.28, 32.82 ], [ -17.19, 32.73 ], [ -16.95, 32.64 ], [ -16.83, 32.65 ], [ -16.76, 32.73 ] ] ], [ [ [ -25.07, 37.02 ], [ -25.19, 36.97 ], [ -25.13, 36.93 ], [ -25.0, 36.94 ], [ -25.07, 37.02 ] ] ], [ [ [ -25.89, 37.87 ], [ -25.74, 37.75 ], [ -25.48, 37.7 ], [ -25.11, 37.8 ], [ -25.2, 37.86 ], [ -25.6, 37.82 ], [ -25.81, 37.9 ], [ -25.89, 37.87 ] ] ], [ [ [ -27.15, 38.8 ], [ -27.32, 38.81 ], [ -27.41, 38.75 ], [ -27.27, 38.64 ], [ -27.02, 38.69 ], [ -27.15, 38.8 ] ] ], [ [ [ -27.98, 39.09 ], [ -28.09, 39.04 ], [ -28.0, 39.0 ], [ -27.92, 39.04 ], [ -27.98, 39.09 ] ] ], [ [ [ -28.02, 38.69 ], [ -28.16, 38.65 ], [ -28.04, 38.58 ], [ -27.93, 38.6 ], [ -28.02, 38.69 ] ] ], [ [ [ -28.63, 38.65 ], [ -28.87, 38.62 ], [ -28.46, 38.39 ], [ -28.32, 38.4 ], [ -28.63, 38.65 ] ] ], [ [ [ -31.11, 39.76 ], [ -31.18, 39.71 ], [ -31.11, 39.63 ], [ -31.05, 39.7 ], [ -31.11, 39.76 ] ] ], [ [ [ -31.22, 39.53 ], [ -31.29, 39.46 ], [ -31.21, 39.36 ], [ -31.12, 39.45 ], [ -31.22, 39.53 ] ] ] ] } },
{ "type": "Feature", "properties": { "ISO3_CODE": "ROU", "NAME_ENGL": "Romania" }, "geometry": { "type": "MultiPolygon", "coordinates": [ [ [ [ 27.17, 47.94 ], [ 27.03, 48.14 ], [ 26.81, 48.25 ], [ 26.63, 48.26 ], [ 26.51, 48.23 ], [ 26.35, 48.18 ], [ 26.21, 48.02 ], [ 26.1, 47.98 ], [ 25.45, 47.92 ], [ 25.3, 47.91 ], [ 25.09, 47.75 ], [ 24.95, 47.73 ], [ 24.92, 47.73 ], [ 24.92, 47.73 ], [ 24.56, 47.97 ], [ 24.56, 47.97 ], [ 24.22, 47.9 ], [ 23.96, 47.94 ], [ 23.56, 48.01 ], [ 23.55, 48.0 ], [ 23.49, 47.97 ], [ 23.36, 48.03 ], [ 23.21, 48.09 ], [ 22.9, 47.95 ], [ 22.69, 47.8 ], [ 22.43, 47.76 ], [ 22.27, 47.72 ], [ 22.18, 47.6 ], [ 22.13, 47.6 ], [ 21.8, 47.13 ], [ 21.66, 47.02 ], [ 21.44, 46.65 ], [ 21.31, 46.6 ], [ 21.29, 46.43 ], [ 21.16, 46.31 ], [ 21.04, 46.25 ], [ 20.78, 46.28 ], [ 20.71, 46.16 ], [ 20.26, 46.13 ], [ 20.66, 45.79 ], [ 20.81, 45.76 ], [ 20.78, 45.63 ], [ 20.82, 45.49 ], [ 21.02, 45.32 ], [ 21.48, 45.19 ], [ 21.5, 45.13 ], [ 21.41, 45.0 ], [ 21.54, 44.9 ], [ 21.36, 44.82 ], [ 21.57, 44.75 ], [ 21.66, 44.66 ], [ 22.01, 44.6 ], [ 22.02, 44.6 ], [ 22.16, 44.5 ], [ 22.43, 44.69 ], [ 22.65, 44.6 ], [ 22.68, 44.55 ], [ 22.5, 44.44 ], [ 22.68, 44.22 ], [ 22.97, 44.1 ], [ 23.02, 44.03 ], [ 22.89, 43.98 ], [ 22.86, 43.9 ], [ 23.0, 43.81 ], [ 23.41, 43.85 ], [ 23.63, 43.79 ], [ 24.11, 43.7 ], [ 24.32, 43.7 ], [ 24.49, 43.75 ], [ 24.65, 43.72 ], [ 25.3, 43.66 ], [ 25.54, 43.64 ], [ 25.67, 43.69 ], [ 26.12, 43.97 ], [ 26.36, 44.04 ], [ 26.38, 44.04 ], [ 26.7, 44.08 ], [ 26.95, 44.14 ], [ 27.27, 44.13 ], [ 27.39, 44.02 ], [ 27.7, 43.99 ], [ 27.92, 43.99 ], [ 28.0, 43.85 ], [ 28.11, 43.8 ], [ 28.58, 43.74 ], [ 28.66, 43.98 ], [ 28.64, 44.31 ], [ 28.99, 44.68 ], [ 29.17, 44.78 ], [ 29.58, 44.83 ], [ 29.68, 45.21 ], [ 29.63, 45.35 ], [ 29.44, 45.44 ], [ 29.23, 45.43 ], [ 28.7, 45.23 ], [ 28.38, 45.31 ], [ 28.21, 45.47 ], [ 28.11, 45.6 ], [ 28.16, 45.72 ], [ 28.11, 46.11 ], [ 28.12, 46.11 ], [ 28.13, 46.25 ], [ 28.23, 46.39 ], [ 28.24, 46.64 ], [ 28.11, 46.84 ], [ 28.11, 46.92 ], [ 28.04, 47.03 ], [ 27.83, 47.12 ], [ 27.75, 47.26 ], [ 27.58, 47.38 ], [ 27.4, 47.58 ], [ 27.39, 47.59 ], [ 27.28, 47.76 ], [ 27.17, 47.94 ] ] ] ] } },
{ "type": "Feature", "properties": { "ISO3_CODE": "SWE", "NAME_ENGL": "Sweden" }, "geometry": { "type": "MultiPolygon", "coordinates": [ [ [ [ 22.05, 68.48 ], [ 21.9, 68.58 ], [ 21.73, 68.59 ], [ 21.63, 68.66 ], [ 21.43, 68.69 ], [ 21.37, 68.76 ], [ 20.9, 68.9 ], [ 20.79, 69.02 ], [ 20.55, 69.06 ], [ 20.2, 69.02 ], [ 20.3, 68.82 ], [ 20.22, 68.69 ], [ 20.04, 68.57 ], [ 20.11, 68.46 ], [ 19.94, 68.38 ], [ 18.41, 68.57 ], [ 18.13, 68.54 ], [ 18.12, 68.21 ], [ 17.93, 68.01 ], [ 17.24, 68.09 ], [ 16.78, 67.92 ], [ 16.51, 67.62 ], [ 16.15, 67.49 ], [ 16.13, 67.42 ], [ 16.38, 67.2 ], [ 16.37, 67.07 ], [ 15.46, 66.52 ], [ 15.45, 66.35 ], [ 15.41, 66.26 ], [ 15.03, 66.16 ], [ 14.56, 66.13 ], [ 14.54, 66.06 ], [ 14.61, 65.81 ], [ 14.52, 65.59 ], [ 14.5, 65.33 ], [ 14.33, 65.12 ], [ 13.8, 64.71 ], [ 13.69, 64.58 ], [ 14.12, 64.42 ], [ 14.14, 64.27 ], [ 14.14, 64.2 ], [ 13.99, 64.03 ], [ 13.22, 64.09 ], [ 12.93, 64.05 ], [ 12.67, 63.96 ], [ 12.17, 63.6 ], [ 12.19, 63.47 ], [ 12.0, 63.27 ], [ 12.19, 63.02 ], [ 12.09, 62.9 ], [ 12.12, 62.75 ], [ 12.07, 62.61 ], [ 12.25, 62.33 ], [ 12.3, 62.27 ], [ 12.23, 62.04 ], [ 12.16, 61.72 ], [ 12.41, 61.58 ], [ 12.59, 61.55 ], [ 12.85, 61.36 ], [ 12.67, 61.06 ], [ 12.25, 61.0 ], [ 12.6, 60.49 ], [ 12.47, 60.07 ], [ 12.21, 59.91 ], [ 11.84, 59.84 ], [ 11.92, 59.78 ], [ 11.92, 59.7 ], [ 11.76, 59.61 ], [ 11.71, 59.58 ], [ 11.82, 59.34 ], [ 11.83, 59.24 ], [ 11.64, 58.91 ], [ 11.48, 58.89 ], [ 11.46, 58.99 ], [ 11.33, 59.11 ], [ 11.24, 59.09 ], [ 11.13, 58.88 ], [ 11.24, 58.45 ], [ 11.48, 58.25 ], [ 11.47, 58.09 ], [ 11.63, 58.09 ], [ 11.62, 57.78 ], [ 11.75, 57.7 ], [ 11.76, 57.59 ], [ 11.92, 57.56 ], [ 11.94, 57.36 ], [ 12.09, 57.39 ], [ 12.11, 57.23 ], [ 12.19, 57.21 ], [ 12.37, 56.93 ], [ 12.57, 56.84 ], [ 12.72, 56.66 ], [ 12.9, 56.62 ], [ 12.93, 56.49 ], [ 12.9, 56.45 ], [ 12.7, 56.41 ], [ 12.77, 56.24 ], [ 12.56, 56.22 ], [ 13.01, 55.71 ], [ 12.93, 55.54 ], [ 13.03, 55.41 ], [ 13.36, 55.35 ], [ 13.73, 55.42 ], [ 14.2, 55.41 ], [ 14.33, 55.54 ], [ 14.23, 55.71 ], [ 14.24, 55.82 ], [ 14.55, 56.06 ], [ 14.71, 56.0 ], [ 14.76, 56.03 ], [ 14.75, 56.16 ], [ 15.35, 56.14 ], [ 15.59, 56.19 ], [ 15.76, 56.14 ], [ 15.81, 56.06 ], [ 16.05, 56.32 ], [ 16.46, 56.83 ], [ 16.52, 57.25 ], [ 16.71, 57.52 ], [ 16.58, 57.6 ], [ 16.75, 57.86 ], [ 16.75, 57.95 ], [ 16.67, 58.0 ], [ 16.93, 58.17 ], [ 16.86, 58.27 ], [ 16.91, 58.4 ], [ 16.75, 58.63 ], [ 16.95, 58.62 ], [ 17.09, 58.73 ], [ 17.38, 58.75 ], [ 17.61, 58.86 ], [ 17.57, 58.95 ], [ 17.87, 58.86 ], [ 18.2, 59.08 ], [ 18.34, 59.09 ], [ 18.43, 59.03 ], [ 18.55, 59.07 ], [ 18.59, 59.22 ], [ 18.75, 59.26 ], [ 18.9, 59.66 ], [ 19.1, 59.77 ], [ 18.77, 60.17 ], [ 18.51, 60.15 ], [ 18.57, 60.35 ], [ 18.45, 60.44 ], [ 18.28, 60.37 ], [ 17.95, 60.61 ], [ 17.68, 60.57 ], [ 17.37, 60.65 ], [ 17.25, 60.71 ], [ 17.28, 60.83 ], [ 17.19, 60.97 ], [ 17.14, 61.62 ], [ 17.24, 61.69 ], [ 17.41, 61.69 ], [ 17.36, 61.91 ], [ 17.49, 62.14 ], [ 17.46, 62.31 ], [ 17.51, 62.46 ], [ 17.65, 62.44 ], [ 18.01, 62.59 ], [ 18.23, 62.86 ], [ 18.39, 62.86 ], [ 18.54, 63.0 ], [ 18.67, 63.02 ], [ 18.62, 63.15 ], [ 19.04, 63.21 ], [ 19.23, 63.36 ], [ 19.29, 63.47 ], [ 19.48, 63.44 ], [ 19.48, 63.55 ], [ 19.69, 63.47 ], [ 20.02, 63.65 ], [ 20.39, 63.68 ], [ 20.73, 63.87 ], [ 20.99, 64.13 ], [ 21.23, 64.27 ], [ 21.54, 64.42 ], [ 21.4, 64.58 ], [ 21.26, 64.62 ], [ 21.24, 64.71 ], [ 21.11, 64.8 ], [ 21.52, 65.07 ], [ 21.63, 65.38 ], [ 21.78, 65.4 ], [ 21.89, 65.34 ], [ 21.97, 65.5 ], [ 22.19, 65.44 ], [ 22.33, 65.56 ], [ 22.35, 65.74 ], [ 22.41, 65.82 ], [ 22.85, 65.77 ], [ 22.94, 65.68 ], [ 23.39, 65.78 ], [ 23.64, 65.8 ], [ 23.75, 65.72 ], [ 24.16, 65.82 ], [ 24.05, 65.99 ], [ 23.91, 66.15 ], [ 23.74, 66.2 ], [ 23.67, 66.29 ], [ 23.68, 66.46 ], [ 23.84, 66.56 ], [ 23.97, 66.83 ], [ 23.58, 67.15 ], [ 23.56, 67.24 ], [ 23.74, 67.34 ], [ 23.73, 67.43 ], [ 23.42, 67.49 ], [ 23.54, 67.61 ], [ 23.49, 67.84 ], [ 23.62, 67.97 ], [ 23.18, 68.15 ], [ 23.05, 68.3 ], [ 22.16, 68.47 ], [ 22.05, 68.48 ] ] ], [ [ [ 24.08, 65.73 ], [ 24.01, 65.65 ], [ 24.1, 65.63 ], [ 24.14, 65.73 ], [ 24.08, 65.73 ] ] ], [ [ [ 22.67, 65.58 ], [ 22.58, 65.61 ], [ 22.51, 65.49 ], [ 22.72, 65.52 ], [ 22.67, 65.58 ] ] ], [ [ [ 22.38, 65.35 ], [ 22.29, 65.3 ], [ 22.39, 65.26 ], [ 22.46, 65.33 ], [ 22.38, 65.35 ] ] ], [ [ [ 20.91, 63.81 ], [ 20.81, 63.78 ], [ 20.87, 63.69 ], [ 20.93, 63.72 ], [ 20.91, 63.81 ] ] ], [ [ [ 19.5, 59.5 ], [ 19.43, 59.44 ], [ 19.53, 59.39 ], [ 19.58, 59.45 ], [ 19.5, 59.5 ] ] ], [ [ [ 19.3, 58.02 ], [ 19.23, 57.96 ], [ 19.3, 57.9 ], [ 19.36, 57.97 ], [ 19.3, 58.02 ] ] ], [ [ [ 19.26, 58.41 ], [ 19.16, 58.36 ], [ 19.25, 58.32 ], [ 19.34, 58.36 ], [ 19.26, 58.41 ] ] ], [ [ [ 18.8, 57.35 ], [ 18.97, 57.87 ], [ 18.42, 57.76 ], [ 18.16, 57.54 ], [ 18.07, 57.24 ], [ 18.22, 56.99 ], [ 18.4, 57.03 ], [ 18.8, 57.35 ] ] ], [ [ [ 18.95, 59.43 ], [ 18.84, 59.43 ], [ 18.88, 59.34 ], [ 18.96, 59.36 ], [ 18.95, 59.43 ] ] ], [ [ [ 18.31, 59.0 ], [ 18.22, 58.95 ], [ 18.3, 58.89 ], [ 18.36, 58.95 ], [ 18.31, 59.0 ] ] ], [ [ [ 17.79, 62.23 ], [ 17.69, 62.25 ], [ 17.64, 62.21 ], [ 17.65, 62.17 ], [ 17.69, 62.16 ], [ 17.76, 62.2 ], [ 17.79, 62.23 ] ] ], [ [ [ 17.59, 62.28 ], [ 17.52, 62.24 ], [ 17.58, 62.16 ], [ 17.65, 62.22 ], [ 17.59, 62.28 ] ] ], [ [ [ 17.14, 58.7 ], [ 17.08, 58.62 ], [ 17.2, 58.62 ], [ 17.24, 58.67 ], [ 17.14, 58.7 ] ] ], [ [ [ 17.07, 57.31 ], [ 16.96, 57.26 ], [ 16.35, 56.46 ], [ 16.43, 56.24 ], [ 17.02, 57.12 ], [ 17.07, 57.31 ] ] ], [ [ [ 12.86, 55.49 ], [ 12.79, 55.4 ], [ 12.86, 55.35 ], [ 12.91, 55.42 ], [ 12.86, 55.49 ] ] ] ] } },
{ "type": "Feature", "properties": { "ISO3_CODE": "SVN", "NAME_ENGL": "Slovenia" }, "geometry": { "type": "MultiPolygon", "coordinates": [ [ [ [ 16.06, 46.84 ], [ 16.0, 46.84 ], [ 15.99, 46.77 ], [ 16.04, 46.69 ], [ 16.04, 46.66 ], [ 16.03, 46.66 ], [ 15.96, 46.69 ], [ 15.87, 46.72 ], [ 15.79, 46.71 ], [ 15.75, 46.7 ], [ 15.62, 46.68 ], [ 15.56, 46.67 ], [ 15.54, 46.63 ], [ 15.52, 46.62 ], [ 15.4, 46.65 ], [ 15.34, 46.65 ], [ 15.16, 46.66 ], [ 15.08, 46.65 ], [ 15.07, 46.65 ], [ 14.92, 46.61 ], [ 14.88, 46.61 ], [ 14.83, 46.55 ], [ 14.82, 46.54 ], [ 14.83, 46.54 ], [ 14.82, 46.53 ], [ 14.82, 46.53 ], [ 14.82, 46.52 ], [ 14.82, 46.51 ], [ 14.67, 46.45 ], [ 14.57, 46.37 ], [ 14.52, 46.42 ], [ 14.44, 46.42 ], [ 14.43, 46.44 ], [ 14.24, 46.43 ], [ 14.15, 46.44 ], [ 14.1, 46.48 ], [ 14.01, 46.48 ], [ 13.71, 46.52 ], [ 13.68, 46.44 ], [ 13.4, 46.3 ], [ 13.46, 46.22 ], [ 13.63, 46.19 ], [ 13.66, 46.17 ], [ 13.53, 46.07 ], [ 13.5, 46.05 ], [ 13.52, 45.98 ], [ 13.62, 45.98 ], [ 13.64, 45.94 ], [ 13.61, 45.9 ], [ 13.6, 45.82 ], [ 13.6, 45.81 ], [ 13.71, 45.78 ], [ 13.9, 45.64 ], [ 13.87, 45.61 ], [ 13.83, 45.59 ], [ 13.74, 45.6 ], [ 13.72, 45.59 ], [ 13.72, 45.59 ], [ 13.74, 45.57 ], [ 13.69, 45.55 ], [ 13.62, 45.54 ], [ 13.59, 45.48 ], [ 13.7, 45.46 ], [ 13.92, 45.44 ], [ 14.0, 45.52 ], [ 14.11, 45.48 ], [ 14.12, 45.48 ], [ 14.36, 45.48 ], [ 14.5, 45.58 ], [ 14.57, 45.67 ], [ 14.6, 45.63 ], [ 14.69, 45.58 ], [ 14.79, 45.5 ], [ 14.84, 45.47 ], [ 14.96, 45.51 ], [ 15.06, 45.49 ], [ 15.23, 45.43 ], [ 15.36, 45.48 ], [ 15.3, 45.59 ], [ 15.31, 45.63 ], [ 15.33, 45.67 ], [ 15.26, 45.73 ], [ 15.32, 45.76 ], [ 15.33, 45.76 ], [ 15.4, 45.79 ], [ 15.48, 45.83 ], [ 15.54, 45.84 ], [ 15.66, 45.85 ], [ 15.71, 45.98 ], [ 15.72, 46.05 ], [ 15.63, 46.09 ], [ 15.64, 46.19 ], [ 15.67, 46.23 ], [ 15.77, 46.22 ], [ 15.79, 46.26 ], [ 15.87, 46.28 ], [ 15.87, 46.28 ], [ 15.91, 46.29 ], [ 15.97, 46.31 ], [ 16.04, 46.34 ], [ 16.07, 46.35 ], [ 16.06, 46.39 ], [ 16.06, 46.39 ], [ 16.21, 46.38 ], [ 16.3, 46.38 ], [ 16.27, 46.43 ], [ 16.24, 46.49 ], [ 16.25, 46.5 ], [ 16.31, 46.52 ], [ 16.34, 46.54 ], [ 16.6, 46.48 ], [ 16.54, 46.5 ], [ 16.5, 46.57 ], [ 16.39, 46.64 ], [ 16.39, 46.66 ], [ 16.37, 46.7 ], [ 16.37, 46.72 ], [ 16.31, 46.78 ], [ 16.31, 46.8 ], [ 16.34, 46.81 ], [ 16.35, 46.83 ], [ 16.3, 46.87 ], [ 16.18, 46.86 ], [ 16.13, 46.86 ], [ 16.11, 46.87 ], [ 16.06, 46.84 ] ] ] ] } },
{ "type": "Feature", "properties": { "ISO3_CODE": "SVK", "NAME_ENGL": "Slovakia" }, "geometry": { "type": "MultiPolygon", "coordinates": [ [ [ [ 19.47, 49.61 ], [ 19.14, 49.41 ], [ 19.02, 49.41 ], [ 18.95, 49.5 ], [ 18.85, 49.52 ], [ 18.58, 49.5 ], [ 18.4, 49.4 ], [ 18.32, 49.32 ], [ 18.17, 49.26 ], [ 18.07, 49.05 ], [ 17.65, 48.85 ], [ 17.4, 48.81 ], [ 17.17, 48.85 ], [ 16.94, 48.62 ], [ 16.95, 48.54 ], [ 16.85, 48.44 ], [ 16.84, 48.38 ], [ 16.98, 48.17 ], [ 17.07, 48.12 ], [ 17.16, 48.01 ], [ 17.25, 48.01 ], [ 17.71, 47.76 ], [ 17.89, 47.74 ], [ 18.85, 47.82 ], [ 18.78, 47.87 ], [ 18.78, 47.96 ], [ 18.93, 48.06 ], [ 19.01, 48.08 ], [ 19.46, 48.1 ], [ 19.62, 48.24 ], [ 19.91, 48.15 ], [ 20.05, 48.17 ], [ 20.32, 48.29 ], [ 20.41, 48.38 ], [ 20.46, 48.46 ], [ 20.69, 48.56 ], [ 21.12, 48.51 ], [ 21.42, 48.57 ], [ 21.6, 48.49 ], [ 21.77, 48.35 ], [ 22.13, 48.38 ], [ 22.16, 48.4 ], [ 22.17, 48.57 ], [ 22.32, 48.69 ], [ 22.38, 48.86 ], [ 22.43, 48.93 ], [ 22.57, 49.09 ], [ 22.09, 49.22 ], [ 21.87, 49.37 ], [ 21.4, 49.43 ], [ 21.09, 49.42 ], [ 20.94, 49.31 ], [ 20.61, 49.42 ], [ 20.19, 49.34 ], [ 20.08, 49.2 ], [ 19.88, 49.2 ], [ 19.78, 49.22 ], [ 19.78, 49.39 ], [ 19.66, 49.41 ], [ 19.47, 49.61 ] ] ] ] } },
{ "type": "Feature", "properties": { "ISO3_CODE": "TUR", "NAME_ENGL": "Türkiye" }, "geometry": { "type": "MultiPolygon", "coordinates": [ [ [ [ 35.03, 42.07 ], [ 35.01, 42.06 ], [ 34.84, 42.0 ], [ 34.75, 41.96 ], [ 34.24, 41.95 ], [ 34.23, 41.95 ], [ 34.15, 41.96 ], [ 33.36, 42.01 ], [ 33.35, 42.01 ], [ 32.76, 41.85 ], [ 32.7, 41.84 ], [ 32.52, 41.81 ], [ 32.42, 41.75 ], [ 32.1, 41.59 ], [ 31.89, 41.51 ], [ 31.43, 41.32 ], [ 31.29, 41.12 ], [ 31.29, 41.12 ], [ 31.28, 41.11 ], [ 30.97, 41.07 ], [ 30.97, 41.07 ], [ 30.53, 41.14 ], [ 30.37, 41.18 ], [ 29.96, 41.14 ], [ 29.92, 41.14 ], [ 29.89, 41.15 ], [ 29.39, 41.21 ], [ 29.18, 41.25 ], [ 29.17, 41.23 ], [ 29.17, 41.22 ], [ 29.1, 41.08 ], [ 29.04, 40.96 ], [ 29.02, 40.92 ], [ 29.05, 40.87 ], [ 29.12, 40.86 ], [ 29.13, 40.91 ], [ 29.32, 40.82 ], [ 29.34, 40.81 ], [ 29.4, 40.79 ], [ 29.56, 40.75 ], [ 29.56, 40.75 ], [ 29.56, 40.69 ], [ 29.54, 40.69 ], [ 29.47, 40.72 ], [ 29.04, 40.65 ], [ 28.81, 40.53 ], [ 28.96, 40.48 ], [ 29.01, 40.47 ], [ 29.1, 40.43 ], [ 28.97, 40.36 ], [ 28.8, 40.37 ], [ 28.18, 40.4 ], [ 28.02, 40.4 ], [ 27.97, 40.44 ], [ 27.91, 40.49 ], [ 27.9, 40.49 ], [ 27.86, 40.49 ], [ 27.74, 40.5 ], [ 27.67, 40.5 ], [ 27.64, 40.47 ], [ 27.75, 40.36 ], [ 27.54, 40.31 ], [ 27.52, 40.3 ], [ 27.51, 40.31 ], [ 27.28, 40.41 ], [ 27.23, 40.43 ], [ 26.96, 40.41 ], [ 26.82, 40.4 ], [ 26.84, 40.42 ], [ 26.72, 40.38 ], [ 26.39, 40.1 ], [ 26.24, 40.0 ], [ 26.21, 39.97 ], [ 26.17, 39.92 ], [ 26.17, 39.92 ], [ 26.17, 39.92 ], [ 26.12, 39.52 ], [ 26.12, 39.5 ], [ 26.61, 39.55 ], [ 26.66, 39.55 ], [ 26.75, 39.54 ], [ 26.87, 39.52 ], [ 26.89, 39.51 ], [ 26.77, 39.38 ], [ 26.62, 39.33 ], [ 26.72, 39.22 ], [ 26.77, 39.17 ], [ 26.77, 39.17 ], [ 26.84, 39.08 ], [ 26.83, 39.01 ], [ 26.83, 38.96 ], [ 26.91, 38.92 ], [ 26.99, 38.89 ], [ 26.98, 38.88 ], [ 26.73, 38.67 ], [ 26.84, 38.58 ], [ 27.02, 38.42 ], [ 26.8, 38.38 ], [ 26.78, 38.41 ], [ 26.75, 38.46 ], [ 26.72, 38.51 ], [ 26.68, 38.47 ], [ 26.64, 38.44 ], [ 26.62, 38.43 ], [ 26.56, 38.56 ], [ 26.53, 38.62 ], [ 26.41, 38.66 ], [ 26.37, 38.6 ], [ 26.44, 38.4 ], [ 26.29, 38.34 ], [ 26.27, 38.28 ], [ 26.57, 38.14 ], [ 26.66, 38.16 ], [ 26.74, 38.18 ], [ 26.76, 38.17 ], [ 26.88, 38.06 ], [ 27.21, 37.94 ], [ 27.27, 37.92 ], [ 27.26, 37.88 ], [ 27.24, 37.81 ], [ 27.22, 37.75 ], [ 27.2, 37.73 ], [ 27.06, 37.66 ], [ 27.16, 37.6 ], [ 27.17, 37.59 ], [ 27.17, 37.58 ], [ 27.2, 37.5 ], [ 27.25, 37.38 ], [ 27.25, 37.37 ], [ 27.38, 37.35 ], [ 27.5, 37.22 ], [ 27.33, 37.12 ], [ 27.32, 37.12 ], [ 27.32, 37.11 ], [ 27.31, 37.1 ], [ 27.31, 37.01 ], [ 27.31, 36.99 ], [ 28.06, 36.94 ], [ 27.95, 36.82 ], [ 27.87, 36.81 ], [ 27.78, 36.79 ], [ 27.59, 36.76 ], [ 27.53, 36.75 ], [ 27.46, 36.7 ], [ 27.46, 36.69 ], [ 27.47, 36.69 ], [ 27.67, 36.71 ], [ 27.92, 36.74 ], [ 28.06, 36.62 ], [ 28.31, 36.78 ], [ 28.54, 36.79 ], [ 28.78, 36.68 ], [ 28.79, 36.67 ], [ 28.82, 36.66 ], [ 29.01, 36.66 ], [ 29.07, 36.57 ], [ 29.25, 36.32 ], [ 29.26, 36.29 ], [ 29.6, 36.18 ], [ 29.71, 36.15 ], [ 29.72, 36.14 ], [ 30.19, 36.3 ], [ 30.42, 36.25 ], [ 30.42, 36.26 ], [ 30.6, 36.8 ], [ 30.61, 36.8 ], [ 31.03, 36.85 ], [ 31.4, 36.77 ], [ 32.01, 36.53 ], [ 32.24, 36.3 ], [ 32.33, 36.22 ], [ 32.56, 36.1 ], [ 32.78, 36.04 ], [ 32.92, 36.06 ], [ 33.43, 36.14 ], [ 33.71, 36.18 ], [ 33.83, 36.26 ], [ 33.86, 36.28 ], [ 33.98, 36.28 ], [ 33.99, 36.29 ], [ 34.23, 36.54 ], [ 34.26, 36.56 ], [ 34.56, 36.76 ], [ 34.82, 36.77 ], [ 34.91, 36.73 ], [ 35.26, 36.59 ], [ 35.34, 36.55 ], [ 35.36, 36.56 ], [ 35.57, 36.6 ], [ 35.63, 36.62 ], [ 35.65, 36.71 ], [ 35.65, 36.74 ], [ 35.68, 36.75 ], [ 35.81, 36.78 ], [ 35.97, 36.9 ], [ 36.01, 36.93 ], [ 36.1, 36.86 ], [ 36.16, 36.81 ], [ 36.17, 36.8 ], [ 36.17, 36.78 ], [ 36.19, 36.65 ], [ 36.19, 36.64 ], [ 35.82, 36.31 ], [ 35.82, 36.3 ], [ 35.96, 36.04 ], [ 35.96, 36.03 ], [ 35.92, 35.93 ], [ 35.92, 35.93 ], [ 36.16, 35.82 ], [ 36.21, 35.91 ], [ 36.31, 35.99 ], [ 36.35, 36.02 ], [ 36.38, 36.11 ], [ 36.42, 36.2 ], [ 36.42, 36.2 ], [ 36.65, 36.27 ], [ 36.66, 36.27 ], [ 36.66, 36.29 ], [ 36.61, 36.4 ], [ 36.57, 36.51 ], [ 36.67, 36.83 ], [ 36.71, 36.83 ], [ 36.71, 36.83 ], [ 36.74, 36.82 ], [ 36.98, 36.76 ], [ 37.07, 36.65 ], [ 37.46, 36.64 ], [ 37.52, 36.68 ], [ 37.57, 36.71 ], [ 37.7, 36.76 ], [ 37.92, 36.81 ], [ 38.03, 36.83 ], [ 38.1, 36.85 ], [ 38.3, 36.92 ], [ 38.35, 36.89 ], [ 38.59, 36.78 ], [ 38.63, 36.77 ], [ 38.78, 36.7 ], [ 38.91, 36.7 ], [ 39.23, 36.67 ], [ 39.4, 36.7 ], [ 39.43, 36.7 ], [ 39.81, 36.76 ], [ 40.1, 36.87 ], [ 40.23, 36.91 ], [ 40.78, 37.12 ], [ 40.95, 37.1 ], [ 41.22, 37.07 ], [ 41.26, 37.08 ], [ 41.66, 37.12 ], [ 42.14, 37.25 ], [ 42.22, 37.27 ], [ 42.35, 37.15 ], [ 42.37, 37.13 ], [ 42.45, 37.13 ], [ 42.45, 37.13 ], [ 42.46, 37.13 ], [ 42.65, 37.26 ], [ 42.81, 37.36 ], [ 42.84, 37.36 ], [ 43.04, 37.35 ], [ 43.27, 37.33 ], [ 43.33, 37.33 ], [ 43.63, 37.24 ], [ 43.66, 37.23 ], [ 43.75, 37.23 ], [ 43.84, 37.23 ], [ 43.89, 37.23 ], [ 44.07, 37.3 ], [ 44.08, 37.31 ], [ 44.11, 37.32 ], [ 44.26, 37.24 ], [ 44.23, 37.17 ], [ 44.22, 37.14 ], [ 44.21, 37.07 ], [ 44.29, 36.98 ], [ 44.5, 37.11 ], [ 44.56, 37.14 ], [ 44.58, 37.15 ], [ 44.65, 37.16 ], [ 44.78, 37.15 ], [ 44.8, 37.31 ], [ 44.63, 37.45 ], [ 44.61, 37.72 ], [ 44.53, 37.76 ], [ 44.42, 37.8 ], [ 44.24, 37.91 ], [ 44.28, 37.98 ], [ 44.4, 38.21 ], [ 44.49, 38.34 ], [ 44.42, 38.36 ], [ 44.33, 38.39 ], [ 44.32, 38.41 ], [ 44.32, 38.44 ], [ 44.27, 38.7 ], [ 44.29, 38.8 ], [ 44.29, 38.81 ], [ 44.29, 38.82 ], [ 44.23, 38.91 ], [ 44.19, 38.98 ], [ 44.2, 39.12 ], [ 44.2, 39.13 ], [ 44.04, 39.36 ], [ 44.1, 39.41 ], [ 44.29, 39.41 ], [ 44.4, 39.41 ], [ 44.42, 39.48 ], [ 44.47, 39.68 ], [ 44.5, 39.7 ], [ 44.6, 39.76 ], [ 44.74, 39.69 ], [ 44.78, 39.67 ], [ 44.8, 39.67 ], [ 44.78, 39.68 ], [ 44.76, 39.71 ], [ 44.58, 39.85 ], [ 44.39, 40.0 ], [ 44.34, 40.02 ], [ 44.32, 40.02 ], [ 44.26, 40.04 ], [ 43.92, 40.02 ], [ 43.91, 40.02 ], [ 43.65, 40.13 ], [ 43.69, 40.19 ], [ 43.7, 40.19 ], [ 43.68, 40.22 ], [ 43.61, 40.38 ], [ 43.57, 40.47 ], [ 43.67, 40.61 ], [ 43.74, 40.71 ], [ 43.73, 40.74 ], [ 43.67, 40.89 ], [ 43.66, 40.93 ], [ 43.66, 40.93 ], [ 43.56, 40.99 ], [ 43.47, 41.03 ], [ 43.43, 41.16 ], [ 43.43, 41.17 ], [ 43.42, 41.17 ], [ 43.24, 41.19 ], [ 43.23, 41.2 ], [ 43.19, 41.3 ], [ 42.83, 41.51 ], [ 42.83, 41.51 ], [ 42.83, 41.51 ], [ 42.81, 41.58 ], [ 42.79, 41.58 ], [ 42.61, 41.57 ], [ 42.61, 41.57 ], [ 42.59, 41.54 ], [ 42.52, 41.44 ], [ 42.16, 41.5 ], [ 41.94, 41.5 ], [ 41.62, 41.5 ], [ 41.55, 41.52 ], [ 41.25, 41.33 ], [ 41.24, 41.33 ], [ 40.79, 41.13 ], [ 40.68, 41.08 ], [ 40.45, 41.02 ], [ 40.33, 40.99 ], [ 40.33, 40.99 ], [ 40.33, 40.99 ], [ 40.14, 40.92 ], [ 40.02, 40.96 ], [ 39.8, 41.01 ], [ 39.51, 41.07 ], [ 39.5, 41.08 ], [ 39.48, 41.09 ], [ 39.42, 41.11 ], [ 39.39, 41.09 ], [ 39.34, 41.07 ], [ 39.22, 41.07 ], [ 39.18, 41.07 ], [ 39.16, 41.07 ], [ 38.85, 41.01 ], [ 38.47, 40.92 ], [ 38.47, 40.92 ], [ 38.15, 40.95 ], [ 38.12, 40.96 ], [ 37.9, 40.99 ], [ 37.79, 41.07 ], [ 37.74, 41.11 ], [ 37.74, 41.11 ], [ 37.49, 41.07 ], [ 37.17, 41.15 ], [ 36.95, 41.27 ], [ 36.82, 41.34 ], [ 36.81, 41.35 ], [ 36.71, 41.35 ], [ 36.64, 41.35 ], [ 36.63, 41.35 ], [ 36.5, 41.26 ], [ 36.47, 41.25 ], [ 36.44, 41.26 ], [ 36.24, 41.38 ], [ 36.2, 41.4 ], [ 36.19, 41.41 ], [ 36.1, 41.63 ], [ 36.1, 41.64 ], [ 36.1, 41.64 ], [ 36.01, 41.7 ], [ 35.99, 41.72 ], [ 35.98, 41.72 ], [ 35.9, 41.7 ], [ 35.63, 41.64 ], [ 35.59, 41.65 ], [ 35.41, 41.68 ], [ 35.24, 41.77 ], [ 35.16, 41.87 ], [ 35.12, 41.91 ], [ 35.12, 41.91 ], [ 35.14, 42.03 ], [ 35.03, 42.07 ] ] ], [ [ [ 27.41, 42.02 ], [ 27.26, 42.09 ], [ 27.21, 42.09 ], [ 27.07, 42.07 ], [ 26.97, 42.0 ], [ 26.87, 41.99 ], [ 26.6, 41.93 ], [ 26.54, 41.84 ], [ 26.53, 41.84 ], [ 26.53, 41.84 ], [ 26.53, 41.84 ], [ 26.52, 41.83 ], [ 26.37, 41.8 ], [ 26.36, 41.71 ], [ 26.4, 41.69 ], [ 26.58, 41.6 ], [ 26.58, 41.59 ], [ 26.59, 41.58 ], [ 26.61, 41.43 ], [ 26.62, 41.37 ], [ 26.62, 41.37 ], [ 26.62, 41.37 ], [ 26.6, 41.36 ], [ 26.4, 41.27 ], [ 26.34, 41.23 ], [ 26.34, 41.1 ], [ 26.35, 41.01 ], [ 26.33, 40.99 ], [ 26.33, 40.96 ], [ 26.29, 40.93 ], [ 26.29, 40.92 ], [ 26.05, 40.72 ], [ 26.06, 40.7 ], [ 26.09, 40.62 ], [ 26.13, 40.62 ], [ 26.73, 40.64 ], [ 26.73, 40.64 ], [ 26.77, 40.57 ], [ 26.58, 40.47 ], [ 26.27, 40.32 ], [ 26.26, 40.31 ], [ 26.22, 40.12 ], [ 26.21, 40.09 ], [ 26.21, 40.08 ], [ 26.23, 40.07 ], [ 26.25, 40.07 ], [ 26.36, 40.2 ], [ 26.49, 40.26 ], [ 26.63, 40.36 ], [ 26.69, 40.44 ], [ 26.75, 40.45 ], [ 26.9, 40.52 ], [ 26.9, 40.52 ], [ 26.91, 40.54 ], [ 27.01, 40.57 ], [ 27.15, 40.62 ], [ 27.26, 40.68 ], [ 27.29, 40.7 ], [ 27.29, 40.7 ], [ 27.32, 40.73 ], [ 27.48, 40.92 ], [ 27.5, 40.93 ], [ 27.65, 40.99 ], [ 27.7, 41.0 ], [ 27.74, 41.0 ], [ 27.9, 40.98 ], [ 27.93, 40.97 ], [ 27.94, 40.97 ], [ 28.0, 41.02 ], [ 28.01, 41.03 ], [ 28.1, 41.04 ], [ 28.24, 41.06 ], [ 28.25, 41.06 ], [ 28.65, 40.97 ], [ 28.73, 40.98 ], [ 28.82, 40.98 ], [ 28.86, 41.07 ], [ 28.94, 41.26 ], [ 28.96, 41.29 ], [ 28.82, 41.31 ], [ 28.77, 41.32 ], [ 28.7, 41.33 ], [ 28.25, 41.51 ], [ 28.17, 41.57 ], [ 28.16, 41.58 ], [ 28.15, 41.59 ], [ 28.14, 41.59 ], [ 28.11, 41.65 ], [ 28.02, 41.79 ], [ 28.01, 41.87 ], [ 27.99, 41.96 ], [ 27.86, 41.96 ], [ 27.79, 41.95 ], [ 27.56, 41.93 ], [ 27.43, 42.0 ], [ 27.41, 42.02 ] ] ], [ [ [ 27.76, 40.64 ], [ 27.7, 40.64 ], [ 27.58, 40.65 ], [ 27.53, 40.65 ], [ 27.45, 40.46 ], [ 27.61, 40.56 ], [ 27.76, 40.64 ] ] ], [ [ [ 26.11, 39.79 ], [ 26.11, 39.79 ], [ 26.07, 39.86 ], [ 26.07, 39.86 ], [ 26.07, 39.86 ], [ 26.06, 39.86 ], [ 25.93, 39.84 ], [ 25.97, 39.82 ], [ 26.05, 39.77 ], [ 26.1, 39.79 ], [ 26.11, 39.79 ] ] ], [ [ [ 25.92, 40.12 ], [ 26.04, 40.14 ], [ 25.9, 40.24 ], [ 25.66, 40.14 ], [ 25.77, 40.09 ], [ 25.84, 40.1 ], [ 25.92, 40.12 ] ] ] ] } },
{ "type": "Feature", "properties": { "ISO3_CODE": "GBR", "NAME_ENGL": "United Kingdom" }, "geometry": { "type": "MultiPolygon", "coordinates": [ [ [ [ -3.14, 58.6 ], [ -3.34, 58.65 ], [ -4.25, 58.54 ], [ -4.99, 58.6 ], [ -5.08, 58.52 ], [ -5.19, 58.28 ], [ -5.33, 58.23 ], [ -5.31, 58.11 ], [ -5.4, 58.07 ], [ -5.27, 57.87 ], [ -5.6, 57.9 ], [ -5.64, 57.82 ], [ -5.77, 57.83 ], [ -5.76, 57.57 ], [ -5.84, 57.46 ], [ -5.8, 57.38 ], [ -5.62, 57.31 ], [ -5.63, 57.24 ], [ -5.9, 57.28 ], [ -6.03, 57.44 ], [ -6.12, 57.39 ], [ -6.19, 57.61 ], [ -6.32, 57.67 ], [ -6.39, 57.64 ], [ -6.42, 57.52 ], [ -6.6, 57.57 ], [ -6.63, 57.49 ], [ -6.73, 57.46 ], [ -6.71, 57.38 ], [ -6.52, 57.36 ], [ -6.26, 57.16 ], [ -6.03, 57.16 ], [ -5.97, 57.05 ], [ -5.75, 57.14 ], [ -5.66, 57.04 ], [ -5.69, 56.98 ], [ -5.79, 57.02 ], [ -5.86, 56.96 ], [ -5.83, 56.86 ], [ -5.88, 56.8 ], [ -6.17, 56.75 ], [ -6.18, 56.7 ], [ -5.72, 56.52 ], [ -5.33, 56.62 ], [ -5.46, 56.49 ], [ -5.57, 56.32 ], [ -5.66, 55.81 ], [ -5.62, 55.74 ], [ -5.79, 55.37 ], [ -5.75, 55.3 ], [ -5.55, 55.35 ], [ -5.46, 55.67 ], [ -5.33, 55.81 ], [ -5.43, 55.94 ], [ -5.4, 56.01 ], [ -5.33, 56.01 ], [ -5.32, 55.88 ], [ -5.13, 55.81 ], [ -5.05, 55.75 ], [ -5.01, 55.77 ], [ -5.02, 55.81 ], [ -4.89, 56.0 ], [ -4.83, 55.99 ], [ -4.76, 56.0 ], [ -4.61, 55.95 ], [ -4.48, 55.93 ], [ -4.61, 55.93 ], [ -4.83, 55.95 ], [ -4.87, 55.94 ], [ -4.89, 55.87 ], [ -4.88, 55.81 ], [ -4.89, 55.7 ], [ -4.83, 55.66 ], [ -4.66, 55.57 ], [ -4.65, 55.47 ], [ -4.83, 55.33 ], [ -4.87, 55.23 ], [ -5.01, 55.1 ], [ -5.04, 55.0 ], [ -5.13, 54.97 ], [ -5.15, 54.9 ], [ -4.95, 54.71 ], [ -4.86, 54.84 ], [ -4.43, 54.71 ], [ -4.37, 54.87 ], [ -3.97, 54.79 ], [ -3.46, 54.96 ], [ -3.34, 54.97 ], [ -3.14, 54.97 ], [ -3.1, 54.97 ], [ -3.12, 54.93 ], [ -3.38, 54.87 ], [ -3.6, 54.54 ], [ -3.27, 54.14 ], [ -3.15, 54.09 ], [ -2.84, 54.17 ], [ -2.91, 53.97 ], [ -3.05, 53.88 ], [ -3.06, 53.78 ], [ -2.86, 53.73 ], [ -2.96, 53.7 ], [ -3.08, 53.57 ], [ -3.01, 53.44 ], [ -3.0, 53.4 ], [ -2.97, 53.38 ], [ -2.88, 53.33 ], [ -2.83, 53.33 ], [ -2.75, 53.31 ], [ -2.93, 53.31 ], [ -3.06, 53.43 ], [ -3.14, 53.39 ], [ -3.17, 53.37 ], [ -3.14, 53.32 ], [ -3.14, 53.28 ], [ -3.36, 53.35 ], [ -3.5, 53.3 ], [ -3.79, 53.32 ], [ -4.01, 53.25 ], [ -4.24, 53.15 ], [ -4.51, 52.92 ], [ -4.22, 52.85 ], [ -4.07, 52.63 ], [ -3.95, 52.56 ], [ -4.05, 52.51 ], [ -4.22, 52.26 ], [ -4.68, 52.09 ], [ -5.22, 51.89 ], [ -5.15, 51.83 ], [ -5.15, 51.72 ], [ -5.03, 51.63 ], [ -4.74, 51.67 ], [ -4.63, 51.74 ], [ -4.4, 51.75 ], [ -4.29, 51.68 ], [ -4.07, 51.68 ], [ -4.26, 51.63 ], [ -4.29, 51.58 ], [ -4.21, 51.55 ], [ -3.89, 51.62 ], [ -3.76, 51.54 ], [ -3.62, 51.48 ], [ -3.56, 51.41 ], [ -3.42, 51.38 ], [ -3.34, 51.39 ], [ -3.22, 51.4 ], [ -3.17, 51.45 ], [ -3.08, 51.5 ], [ -2.82, 51.55 ], [ -2.66, 51.61 ], [ -2.53, 51.68 ], [ -2.67, 51.54 ], [ -2.71, 51.5 ], [ -2.95, 51.38 ], [ -2.99, 51.31 ], [ -3.06, 51.22 ], [ -3.14, 51.21 ], [ -3.28, 51.18 ], [ -3.34, 51.19 ], [ -3.72, 51.23 ], [ -4.18, 51.2 ], [ -4.27, 51.03 ], [ -4.5, 51.01 ], [ -4.55, 50.93 ], [ -4.56, 50.87 ], [ -4.58, 50.78 ], [ -4.7, 50.69 ], [ -5.0, 50.55 ], [ -5.21, 50.32 ], [ -5.61, 50.17 ], [ -5.7, 50.08 ], [ -5.63, 50.05 ], [ -5.45, 50.11 ], [ -5.18, 49.98 ], [ -5.09, 50.04 ], [ -5.06, 50.14 ], [ -4.81, 50.24 ], [ -4.7, 50.34 ], [ -4.21, 50.33 ], [ -4.23, 50.46 ], [ -4.19, 50.42 ], [ -4.12, 50.35 ], [ -3.71, 50.21 ], [ -3.51, 50.38 ], [ -3.51, 50.52 ], [ -3.34, 50.62 ], [ -3.26, 50.66 ], [ -3.14, 50.69 ], [ -2.95, 50.72 ], [ -2.48, 50.6 ], [ -2.09, 50.59 ], [ -1.97, 50.63 ], [ -2.03, 50.72 ], [ -1.95, 50.72 ], [ -1.69, 50.74 ], [ -1.58, 50.73 ], [ -1.35, 50.8 ], [ -1.39, 50.87 ], [ -1.44, 50.91 ], [ -1.37, 50.88 ], [ -1.19, 50.81 ], [ -1.12, 50.84 ], [ -1.08, 50.8 ], [ -1.02, 50.84 ], [ -0.93, 50.85 ], [ -0.8, 50.73 ], [ -0.22, 50.83 ], [ -0.18, 50.82 ], [ -0.09, 50.81 ], [ -0.04, 50.8 ], [ 0.22, 50.76 ], [ 0.25, 50.75 ], [ 0.67, 50.87 ], [ 0.86, 50.92 ], [ 0.95, 50.92 ], [ 1.03, 51.04 ], [ 1.39, 51.19 ], [ 1.39, 51.39 ], [ 0.95, 51.35 ], [ 0.77, 51.44 ], [ 0.67, 51.39 ], [ 0.63, 51.37 ], [ 0.67, 51.45 ], [ 0.46, 51.46 ], [ 0.38, 51.45 ], [ 0.51, 51.53 ], [ 0.63, 51.53 ], [ 0.67, 51.53 ], [ 0.82, 51.54 ], [ 0.89, 51.6 ], [ 0.81, 51.62 ], [ 0.93, 51.68 ], [ 0.84, 51.78 ], [ 0.99, 51.82 ], [ 1.12, 51.78 ], [ 1.24, 51.85 ], [ 1.23, 51.94 ], [ 1.05, 51.95 ], [ 1.33, 51.96 ], [ 1.56, 52.09 ], [ 1.74, 52.53 ], [ 1.68, 52.74 ], [ 1.34, 52.92 ], [ 1.02, 52.97 ], [ 0.67, 52.97 ], [ 0.57, 52.97 ], [ 0.41, 52.84 ], [ 0.27, 52.82 ], [ 0.22, 52.85 ], [ 0.08, 52.93 ], [ 0.22, 53.03 ], [ 0.33, 53.11 ], [ 0.34, 53.22 ], [ 0.22, 53.4 ], [ 0.18, 53.46 ], [ 0.02, 53.53 ], [ -0.2, 53.64 ], [ -0.32, 53.71 ], [ -0.7, 53.7 ], [ -0.63, 53.73 ], [ -0.42, 53.72 ], [ -0.25, 53.73 ], [ -0.04, 53.64 ], [ 0.08, 53.67 ], [ 0.02, 53.75 ], [ -0.19, 53.96 ], [ -0.16, 54.13 ], [ -0.21, 54.16 ], [ -0.54, 54.45 ], [ -0.79, 54.56 ], [ -0.93, 54.58 ], [ -1.08, 54.61 ], [ -1.15, 54.62 ], [ -1.2, 54.62 ], [ -1.18, 54.68 ], [ -1.24, 54.72 ], [ -1.35, 54.86 ], [ -1.36, 54.94 ], [ -1.4, 54.99 ], [ -1.46, 54.99 ], [ -1.46, 55.07 ], [ -1.49, 55.1 ], [ -1.63, 55.55 ], [ -1.95, 55.76 ], [ -2.03, 55.81 ], [ -2.15, 55.91 ], [ -2.37, 55.95 ], [ -2.75, 56.06 ], [ -3.08, 55.95 ], [ -3.14, 55.95 ], [ -3.34, 55.98 ], [ -3.43, 55.99 ], [ -3.52, 56.0 ], [ -3.69, 56.02 ], [ -3.75, 56.07 ], [ -3.74, 56.08 ], [ -3.46, 56.02 ], [ -3.34, 56.06 ], [ -3.14, 56.12 ], [ -2.64, 56.27 ], [ -2.86, 56.44 ], [ -3.14, 56.38 ], [ -3.25, 56.35 ], [ -3.14, 56.41 ], [ -3.05, 56.46 ], [ -2.84, 56.47 ], [ -2.71, 56.49 ], [ -2.53, 56.59 ], [ -2.44, 56.75 ], [ -2.25, 56.85 ], [ -2.09, 57.09 ], [ -2.06, 57.21 ], [ -1.95, 57.32 ], [ -1.8, 57.46 ], [ -1.88, 57.65 ], [ -1.95, 57.66 ], [ -2.09, 57.69 ], [ -2.8, 57.7 ], [ -3.14, 57.71 ], [ -3.34, 57.71 ], [ -3.5, 57.68 ], [ -3.76, 57.63 ], [ -4.12, 57.54 ], [ -4.11, 57.69 ], [ -3.89, 57.78 ], [ -4.05, 57.89 ], [ -3.34, 58.26 ], [ -3.15, 58.37 ], [ -3.14, 58.42 ], [ -3.09, 58.58 ], [ -3.14, 58.6 ] ] ], [ [ [ -0.93, 60.76 ], [ -1.08, 60.72 ], [ -1.1, 60.71 ], [ -1.19, 60.56 ], [ -1.29, 60.46 ], [ -1.33, 60.52 ], [ -1.32, 60.56 ], [ -1.33, 60.62 ], [ -1.42, 60.61 ], [ -1.47, 60.56 ], [ -1.55, 60.51 ], [ -1.46, 60.45 ], [ -1.46, 60.37 ], [ -1.65, 60.31 ], [ -1.68, 60.26 ], [ -1.39, 60.17 ], [ -1.36, 59.92 ], [ -1.3, 59.88 ], [ -1.19, 60.1 ], [ -1.1, 60.14 ], [ -1.1, 60.16 ], [ -1.16, 60.2 ], [ -1.1, 60.33 ], [ -1.12, 60.46 ], [ -1.08, 60.5 ], [ -0.96, 60.65 ], [ -0.93, 60.64 ], [ -0.83, 60.59 ], [ -0.8, 60.79 ], [ -0.93, 60.76 ] ] ], [ [ [ -1.0, 60.39 ], [ -1.09, 60.34 ], [ -0.99, 60.3 ], [ -0.93, 60.37 ], [ -1.0, 60.39 ] ] ], [ [ [ -1.04, 60.5 ], [ -1.08, 60.48 ], [ -1.12, 60.46 ], [ -1.08, 60.44 ], [ -1.02, 60.4 ], [ -0.96, 60.46 ], [ -1.04, 60.5 ] ] ], [ [ [ -1.31, 50.77 ], [ -1.53, 50.68 ], [ -1.28, 50.57 ], [ -1.08, 50.67 ], [ -1.31, 50.77 ] ] ], [ [ [ -1.38, 50.78 ], [ -1.4, 50.78 ], [ -1.39, 50.77 ], [ -1.38, 50.78 ], [ -1.38, 50.78 ] ] ], [ [ [ -2.07, 60.19 ], [ -2.15, 60.14 ], [ -2.06, 60.08 ], [ -2.0, 60.15 ], [ -2.07, 60.19 ] ] ], [ [ [ -2.54, 59.3 ], [ -2.64, 59.29 ], [ -2.59, 59.21 ], [ -2.49, 59.23 ], [ -2.54, 59.3 ] ] ], [ [ [ -2.58, 59.19 ], [ -2.64, 59.09 ], [ -2.6, 59.05 ], [ -2.53, 59.08 ], [ -2.58, 59.19 ] ] ], [ [ [ -2.73, 59.23 ], [ -2.79, 59.23 ], [ -2.82, 59.16 ], [ -2.77, 59.11 ], [ -2.73, 59.13 ], [ -2.73, 59.23 ] ] ], [ [ [ -2.91, 59.32 ], [ -3.05, 59.29 ], [ -2.94, 59.21 ], [ -2.84, 59.23 ], [ -2.91, 59.32 ] ] ], [ [ [ -3.14, 59.17 ], [ -3.33, 59.1 ], [ -3.34, 59.04 ], [ -3.4, 58.84 ], [ -3.34, 58.84 ], [ -3.28, 58.83 ], [ -3.23, 58.95 ], [ -3.14, 58.93 ], [ -2.93, 58.9 ], [ -2.86, 58.93 ], [ -3.03, 59.15 ], [ -3.14, 59.17 ] ] ], [ [ [ -2.98, 58.83 ], [ -3.01, 58.74 ], [ -2.92, 58.73 ], [ -2.91, 58.84 ], [ -2.98, 58.83 ] ] ], [ [ [ -3.27, 56.04 ], [ -3.31, 56.01 ], [ -3.27, 55.98 ], [ -3.24, 56.01 ], [ -3.27, 56.04 ] ] ], [ [ [ -4.38, 53.43 ], [ -4.55, 53.41 ], [ -4.6, 53.33 ], [ -4.51, 53.19 ], [ -4.36, 53.13 ], [ -4.07, 53.29 ], [ -4.38, 53.43 ] ] ], [ [ [ -4.17, 50.34 ], [ -4.16, 50.33 ], [ -4.14, 50.33 ], [ -4.12, 50.33 ], [ -4.17, 50.34 ] ] ], [ [ [ -4.41, 59.14 ], [ -4.49, 59.07 ], [ -4.38, 59.04 ], [ -4.34, 59.1 ], [ -4.41, 59.14 ] ] ], [ [ [ -4.65, 53.35 ], [ -4.76, 53.32 ], [ -4.69, 53.25 ], [ -4.61, 53.29 ], [ -4.65, 53.35 ] ] ], [ [ [ -4.72, 55.56 ], [ -4.8, 55.53 ], [ -4.73, 55.49 ], [ -4.66, 55.53 ], [ -4.72, 55.56 ] ] ], [ [ [ -5.19, 55.71 ], [ -5.32, 55.72 ], [ -5.42, 55.63 ], [ -5.29, 55.44 ], [ -5.08, 55.46 ], [ -5.19, 55.71 ] ] ], [ [ [ -6.04, 55.1 ], [ -6.06, 55.19 ], [ -6.18, 55.21 ], [ -6.46, 55.25 ], [ -6.95, 55.18 ], [ -7.0, 55.11 ], [ -7.06, 55.05 ], [ -7.15, 55.04 ], [ -7.26, 55.07 ], [ -7.38, 55.0 ], [ -7.57, 54.76 ], [ -7.82, 54.7 ], [ -7.7, 54.61 ], [ -8.0, 54.53 ], [ -8.13, 54.43 ], [ -7.84, 54.22 ], [ -7.65, 54.17 ], [ -7.53, 54.13 ], [ -7.34, 54.14 ], [ -7.29, 54.17 ], [ -7.18, 54.22 ], [ -7.19, 54.34 ], [ -7.02, 54.41 ], [ -6.86, 54.33 ], [ -6.79, 54.21 ], [ -6.64, 54.18 ], [ -6.6, 54.04 ], [ -6.27, 54.1 ], [ -6.18, 54.07 ], [ -6.03, 54.04 ], [ -5.92, 54.11 ], [ -5.88, 54.17 ], [ -5.85, 54.23 ], [ -5.58, 54.28 ], [ -5.55, 54.35 ], [ -5.65, 54.46 ], [ -5.61, 54.53 ], [ -5.53, 54.39 ], [ -5.48, 54.41 ], [ -5.47, 54.5 ], [ -5.54, 54.63 ], [ -5.86, 54.63 ], [ -5.91, 54.65 ], [ -5.87, 54.69 ], [ -5.71, 54.8 ], [ -5.96, 54.99 ], [ -5.98, 55.06 ], [ -6.04, 55.1 ] ] ], [ [ [ -5.66, 56.42 ], [ -6.18, 56.65 ], [ -6.33, 56.53 ], [ -6.21, 56.43 ], [ -6.24, 56.3 ], [ -5.81, 56.31 ], [ -5.66, 56.42 ] ] ], [ [ [ -6.33, 55.91 ], [ -6.65, 55.73 ], [ -6.39, 55.6 ], [ -6.22, 55.58 ], [ -5.95, 55.9 ], [ -6.33, 55.91 ] ] ], [ [ [ -6.12, 56.96 ], [ -6.22, 56.91 ], [ -6.13, 56.86 ], [ -6.05, 56.9 ], [ -6.12, 56.96 ] ] ], [ [ [ -6.15, 58.28 ], [ -6.24, 58.24 ], [ -6.27, 58.2 ], [ -6.23, 58.17 ], [ -6.16, 58.19 ], [ -6.15, 58.28 ] ] ], [ [ [ -6.17, 56.08 ], [ -6.17, 56.13 ], [ -6.26, 56.08 ], [ -6.27, 55.99 ], [ -6.21, 56.01 ], [ -6.17, 56.08 ] ] ], [ [ [ -6.36, 58.2 ], [ -6.2, 58.43 ], [ -6.34, 58.47 ], [ -7.04, 58.21 ], [ -7.12, 58.11 ], [ -7.08, 58.0 ], [ -6.95, 57.91 ], [ -7.06, 57.77 ], [ -6.94, 57.76 ], [ -6.41, 58.03 ], [ -6.36, 58.2 ] ] ], [ [ [ -6.3, 57.05 ], [ -6.44, 57.01 ], [ -6.32, 56.95 ], [ -6.21, 56.98 ], [ -6.3, 57.05 ] ] ], [ [ [ -6.27, 49.92 ], [ -6.27, 49.92 ], [ -6.27, 49.92 ], [ -6.27, 49.92 ], [ -6.27, 49.92 ], [ -6.27, 49.92 ], [ -6.27, 49.92 ], [ -6.27, 49.92 ], [ -6.27, 49.92 ], [ -6.26, 49.93 ], [ -6.26, 49.93 ], [ -6.26, 49.94 ], [ -6.26, 49.94 ], [ -6.27, 49.95 ], [ -6.27, 49.95 ], [ -6.27, 49.95 ], [ -6.28, 49.96 ], [ -6.28, 49.96 ], [ -6.28, 49.96 ], [ -6.28, 49.96 ], [ -6.28, 49.96 ], [ -6.28, 49.96 ], [ -6.28, 49.96 ], [ -6.28, 49.96 ], [ -6.28, 49.96 ], [ -6.28, 49.96 ], [ -6.33, 49.95 ], [ -6.33, 49.95 ], [ -6.33, 49.95 ], [ -6.33, 49.95 ], [ -6.33, 49.95 ], [ -6.33, 49.95 ], [ -6.33, 49.95 ], [ -6.33, 49.95 ], [ -6.33, 49.95 ], [ -6.33, 49.95 ], [ -6.34, 49.95 ], [ -6.34, 49.95 ], [ -6.35, 49.94 ], [ -6.35, 49.94 ], [ -6.35, 49.94 ], [ -6.35, 49.94 ], [ -6.35, 49.93 ], [ -6.35, 49.93 ], [ -6.35, 49.92 ], [ -6.34, 49.92 ], [ -6.34, 49.92 ], [ -6.34, 49.92 ], [ -6.34, 49.92 ], [ -6.34, 49.92 ], [ -6.34, 49.92 ], [ -6.34, 49.92 ], [ -6.34, 49.92 ], [ -6.34, 49.92 ], [ -6.34, 49.92 ], [ -6.3, 49.9 ], [ -6.27, 49.92 ], [ -6.27, 49.92 ] ] ], [ [ [ -6.56, 56.68 ], [ -6.63, 56.62 ], [ -6.52, 56.59 ], [ -6.45, 56.67 ], [ -6.56, 56.68 ] ] ], [ [ [ -6.62, 56.18 ], [ -6.73, 56.13 ], [ -6.63, 56.08 ], [ -6.56, 56.13 ], [ -6.62, 56.18 ] ] ], [ [ [ -6.91, 56.54 ], [ -7.01, 56.48 ], [ -6.92, 56.44 ], [ -6.83, 56.51 ], [ -6.91, 56.54 ] ] ], [ [ [ -7.25, 57.17 ], [ -7.21, 57.41 ], [ -7.05, 57.67 ], [ -7.18, 57.72 ], [ -7.52, 57.62 ], [ -7.38, 57.49 ], [ -7.42, 57.17 ], [ -7.35, 57.11 ], [ -7.26, 57.11 ], [ -7.25, 57.17 ] ] ], [ [ [ -7.45, 57.03 ], [ -7.54, 56.99 ], [ -7.43, 56.94 ], [ -7.36, 56.99 ], [ -7.45, 57.03 ] ] ] ] } },
{ "type": "Feature", "properties": { "ISO3_CODE": "USA", "NAME_ENGL": "United States" }, "geometry": { "type": "GeometryCollection", "geometries": [ { "type": "MultiPolygon", "coordinates": [ [ [ [ -171.7, 25.74 ], [ -171.8, 25.71 ], [ -171.76, 25.82 ], [ -171.7, 25.83 ], [ -171.7, 25.74 ] ] ], [ [ [ -175.73, 27.8 ], [ -175.83, 27.74 ], [ -175.89, 27.77 ], [ -175.82, 27.84 ], [ -175.73, 27.8 ] ] ], [ [ [ -179.06, 51.3 ], [ -179.09, 51.21 ], [ -179.18, 51.23 ], [ -179.14, 51.31 ], [ -179.06, 51.3 ] ] ], [ [ [ -178.92, 51.41 ], [ -178.86, 51.33 ], [ -178.97, 51.33 ], [ -179.02, 51.38 ], [ -178.92, 51.41 ] ] ], [ [ [ -176.88, 51.69 ], [ -176.92, 51.6 ], [ -177.03, 51.61 ], [ -176.96, 51.69 ], [ -176.88, 51.69 ] ] ], [ [ [ -177.59, 51.71 ], [ -177.66, 51.65 ], [ -177.75, 51.71 ], [ -177.64, 51.76 ], [ -177.59, 51.71 ] ] ], [ [ [ -177.44, 51.71 ], [ -177.5, 51.66 ], [ -177.58, 51.72 ], [ -177.51, 51.78 ], [ -177.44, 51.71 ] ] ], [ [ [ -178.2, 51.88 ], [ -177.98, 51.92 ], [ -177.78, 51.79 ], [ -178.01, 51.64 ], [ -178.2, 51.88 ] ] ], [ [ [ -178.89, 51.78 ], [ -178.81, 51.84 ], [ -178.73, 51.78 ], [ -178.8, 51.74 ], [ -178.89, 51.78 ] ] ], [ [ [ -176.32, 51.8 ], [ -176.76, 51.63 ], [ -176.94, 51.79 ], [ -176.81, 51.82 ], [ -176.77, 51.95 ], [ -176.64, 51.98 ], [ -176.57, 51.86 ], [ -176.38, 51.85 ], [ -176.32, 51.8 ] ] ], [ [ [ -177.06, 51.92 ], [ -177.17, 51.73 ], [ -177.4, 51.75 ], [ -177.22, 51.91 ], [ -177.06, 51.92 ] ] ], [ [ [ -176.14, 51.88 ], [ -176.12, 51.78 ], [ -176.21, 51.81 ], [ -176.25, 51.89 ], [ -176.14, 51.88 ] ] ], [ [ [ -175.98, 51.88 ], [ -176.06, 51.83 ], [ -176.12, 51.88 ], [ -176.04, 51.94 ], [ -175.98, 51.88 ] ] ], [ [ [ -175.71, 51.94 ], [ -175.79, 51.89 ], [ -175.88, 51.93 ], [ -175.78, 51.98 ], [ -175.71, 51.94 ] ] ], [ [ [ -175.07, 52.04 ], [ -175.14, 51.98 ], [ -175.22, 52.03 ], [ -175.14, 52.08 ], [ -175.07, 52.04 ] ] ], [ [ [ -175.99, 52.03 ], [ -176.15, 51.98 ], [ -176.24, 52.07 ], [ -176.09, 52.12 ], [ -175.99, 52.03 ] ] ], [ [ [ -173.99, 52.07 ], [ -173.68, 52.19 ], [ -173.54, 52.14 ], [ -173.77, 52.01 ], [ -173.99, 52.07 ] ] ], [ [ [ -174.21, 52.36 ], [ -174.03, 52.35 ], [ -174.32, 52.06 ], [ -174.66, 51.99 ], [ -174.82, 52.03 ], [ -174.21, 52.36 ] ] ], [ [ [ -172.32, 52.35 ], [ -172.45, 52.25 ], [ -172.63, 52.3 ], [ -172.47, 52.39 ], [ -172.32, 52.35 ] ] ], [ [ [ -171.19, 52.5 ], [ -171.24, 52.45 ], [ -171.35, 52.46 ], [ -171.27, 52.54 ], [ -171.19, 52.5 ] ] ], [ [ [ -170.55, 52.65 ], [ -170.65, 52.58 ], [ -170.83, 52.62 ], [ -170.67, 52.7 ], [ -170.55, 52.65 ] ] ], [ [ [ -170.08, 52.72 ], [ -170.2, 52.71 ], [ -170.16, 52.79 ], [ -170.05, 52.77 ], [ -170.08, 52.72 ] ] ], [ [ [ -169.71, 52.83 ], [ -169.66, 52.81 ], [ -169.69, 52.79 ], [ -169.95, 52.76 ], [ -170.04, 52.82 ], [ -170.0, 52.84 ], [ -169.71, 52.83 ] ] ], [ [ [ -169.65, 53.02 ], [ -169.7, 52.94 ], [ -169.79, 52.97 ], [ -169.73, 53.04 ], [ -169.65, 53.02 ] ] ], [ [ [ -167.83, 53.53 ], [ -167.92, 53.35 ], [ -168.34, 53.11 ], [ -168.83, 53.07 ], [ -168.19, 53.54 ], [ -167.97, 53.59 ], [ -167.83, 53.53 ] ] ], [ [ [ -167.58, 53.33 ], [ -167.14, 53.63 ], [ -166.9, 53.97 ], [ -166.62, 54.0 ], [ -166.36, 53.87 ], [ -166.4, 53.68 ], [ -166.65, 53.51 ], [ -167.38, 53.3 ], [ -167.58, 53.33 ] ] ], [ [ [ -166.23, 53.98 ], [ -166.15, 54.03 ], [ -166.07, 53.97 ], [ -166.14, 53.93 ], [ -166.23, 53.98 ] ] ], [ [ [ -165.22, 54.1 ], [ -165.28, 54.01 ], [ -165.37, 54.06 ], [ -165.32, 54.11 ], [ -165.22, 54.1 ] ] ], [ [ [ -165.79, 54.11 ], [ -166.02, 54.04 ], [ -166.15, 54.19 ], [ -165.92, 54.22 ], [ -165.79, 54.11 ] ] ], [ [ [ -165.48, 54.14 ], [ -165.6, 54.11 ], [ -165.7, 54.25 ], [ -165.55, 54.29 ], [ -165.48, 54.14 ] ] ], [ [ [ -169.51, 56.58 ], [ -169.57, 56.53 ], [ -169.68, 56.57 ], [ -169.59, 56.62 ], [ -169.51, 56.58 ] ] ], [ [ [ -170.18, 57.18 ], [ -170.27, 57.13 ], [ -170.38, 57.18 ], [ -170.27, 57.23 ], [ -170.18, 57.18 ] ] ], [ [ [ -165.59, 59.93 ], [ -166.01, 59.86 ], [ -166.16, 59.76 ], [ -166.24, 59.84 ], [ -166.63, 59.85 ], [ -167.18, 60.02 ], [ -167.33, 60.09 ], [ -167.41, 60.19 ], [ -167.28, 60.23 ], [ -166.88, 60.22 ], [ -166.51, 60.37 ], [ -166.16, 60.38 ], [ -165.71, 60.29 ], [ -165.68, 60.06 ], [ -165.59, 59.93 ] ] ], [ [ [ -172.77, 60.44 ], [ -172.93, 60.42 ], [ -173.12, 60.56 ], [ -172.91, 60.59 ], [ -172.77, 60.44 ] ] ], [ [ [ -173.16, 60.65 ], [ -173.1, 60.73 ], [ -173.05, 60.73 ], [ -173.05, 60.62 ], [ -173.16, 60.65 ] ] ], [ [ [ -171.71, 63.77 ], [ -171.49, 63.61 ], [ -171.02, 63.58 ], [ -170.35, 63.69 ], [ -170.11, 63.6 ], [ -170.01, 63.47 ], [ -169.17, 63.3 ], [ -168.97, 63.33 ], [ -168.72, 63.27 ], [ -168.87, 63.15 ], [ -169.3, 63.18 ], [ -169.67, 62.95 ], [ -169.77, 63.08 ], [ -170.26, 63.19 ], [ -170.58, 63.36 ], [ -171.08, 63.42 ], [ -171.48, 63.32 ], [ -171.73, 63.37 ], [ -171.85, 63.49 ], [ -171.71, 63.77 ] ] ], [ [ [ -168.64, 65.62 ], [ -168.71, 65.58 ], [ -168.81, 65.63 ], [ -168.71, 65.67 ], [ -168.64, 65.62 ] ] ], [ [ [ -155.68, 18.93 ], [ -155.9, 19.08 ], [ -155.9, 19.36 ], [ -156.05, 19.71 ], [ -155.84, 20.0 ], [ -155.9, 20.21 ], [ -155.88, 20.25 ], [ -155.85, 20.27 ], [ -155.76, 20.24 ], [ -155.73, 20.21 ], [ -155.18, 19.95 ], [ -155.07, 19.75 ], [ -154.82, 19.5 ], [ -154.99, 19.34 ], [ -155.35, 19.22 ], [ -155.68, 18.93 ] ] ], [ [ [ -156.49, 20.56 ], [ -156.56, 20.51 ], [ -156.67, 20.56 ], [ -156.57, 20.61 ], [ -156.49, 20.56 ] ] ], [ [ [ -156.4, 20.58 ], [ -156.48, 20.76 ], [ -156.62, 20.81 ], [ -156.71, 20.92 ], [ -156.62, 21.03 ], [ -156.47, 20.91 ], [ -156.26, 20.94 ], [ -156.01, 20.79 ], [ -155.98, 20.71 ], [ -156.06, 20.64 ], [ -156.4, 20.58 ] ] ], [ [ [ -156.8, 20.78 ], [ -156.95, 20.73 ], [ -157.09, 20.91 ], [ -156.9, 20.92 ], [ -156.8, 20.78 ] ] ], [ [ [ -156.87, 21.07 ], [ -156.98, 21.02 ], [ -157.41, 21.16 ], [ -157.17, 21.24 ], [ -156.87, 21.07 ] ] ], [ [ [ -157.79, 21.26 ], [ -158.09, 21.31 ], [ -158.25, 21.56 ], [ -157.97, 21.7 ], [ -157.67, 21.3 ], [ -157.79, 21.26 ] ] ], [ [ [ -160.27, 21.88 ], [ -160.15, 21.95 ], [ -160.05, 21.92 ], [ -160.12, 21.85 ], [ -160.27, 21.88 ] ] ], [ [ [ -159.6, 21.89 ], [ -159.8, 22.02 ], [ -159.72, 22.15 ], [ -159.6, 22.22 ], [ -159.38, 22.22 ], [ -159.3, 22.15 ], [ -159.34, 21.96 ], [ -159.45, 21.87 ], [ -159.6, 21.89 ] ] ], [ [ [ -164.92, 54.11 ], [ -165.01, 54.06 ], [ -165.1, 54.1 ], [ -164.99, 54.15 ], [ -164.92, 54.11 ] ] ], [ [ [ -162.4, 54.36 ], [ -162.48, 54.34 ], [ -162.53, 54.44 ], [ -162.42, 54.43 ], [ -162.4, 54.36 ] ] ], [ [ [ -162.63, 54.42 ], [ -162.73, 54.38 ], [ -162.83, 54.43 ], [ -162.71, 54.48 ], [ -162.63, 54.42 ] ] ], [ [ [ -163.07, 54.72 ], [ -163.16, 54.67 ], [ -163.27, 54.72 ], [ -163.17, 54.77 ], [ -163.07, 54.72 ] ] ], [ [ [ -159.49, 54.76 ], [ -159.59, 54.74 ], [ -159.65, 54.83 ], [ -159.55, 54.83 ], [ -159.49, 54.76 ] ] ], [ [ [ -159.18, 54.92 ], [ -159.27, 54.85 ], [ -159.36, 54.89 ], [ -159.26, 54.94 ], [ -159.18, 54.92 ] ] ], [ [ [ -160.15, 54.91 ], [ -160.23, 54.85 ], [ -160.3, 54.92 ], [ -160.2, 54.96 ], [ -160.15, 54.91 ] ] ], [ [ [ -162.46, 54.9 ], [ -162.31, 54.99 ], [ -162.21, 54.93 ], [ -162.31, 54.82 ], [ -162.46, 54.9 ] ] ], [ [ [ -159.45, 54.98 ], [ -159.39, 55.05 ], [ -159.32, 55.0 ], [ -159.37, 54.93 ], [ -159.45, 54.98 ] ] ], [ [ [ -161.68, 55.09 ], [ -161.78, 55.06 ], [ -161.92, 55.13 ], [ -161.78, 55.17 ], [ -161.68, 55.09 ] ] ], [ [ [ -159.88, 55.12 ], [ -160.14, 55.0 ], [ -160.18, 55.11 ], [ -159.88, 55.23 ], [ -159.88, 55.12 ] ] ], [ [ [ -161.28, 55.21 ], [ -161.35, 55.14 ], [ -161.44, 55.19 ], [ -161.34, 55.24 ], [ -161.28, 55.21 ] ] ], [ [ [ -159.51, 55.14 ], [ -159.58, 55.14 ], [ -159.63, 55.25 ], [ -159.52, 55.23 ], [ -159.51, 55.14 ] ] ], [ [ [ -161.52, 55.22 ], [ -161.59, 55.18 ], [ -161.7, 55.23 ], [ -161.6, 55.27 ], [ -161.52, 55.22 ] ] ], [ [ [ -160.74, 55.4 ], [ -160.31, 55.31 ], [ -160.34, 55.26 ], [ -160.55, 55.32 ], [ -160.52, 55.2 ], [ -160.59, 55.15 ], [ -160.82, 55.17 ], [ -160.88, 55.27 ], [ -160.74, 55.4 ] ] ], [ [ [ -163.07, 55.4 ], [ -163.13, 55.36 ], [ -163.22, 55.41 ], [ -163.13, 55.47 ], [ -163.07, 55.4 ] ] ], [ [ [ -160.31, 55.44 ], [ -160.22, 55.47 ], [ -160.14, 55.39 ], [ -160.22, 55.38 ], [ -160.31, 55.44 ] ] ], [ [ [ -159.73, 55.6 ], [ -159.69, 55.63 ], [ -159.6, 55.65 ], [ -159.61, 55.56 ], [ -159.69, 55.56 ], [ -159.73, 55.6 ] ] ], [ [ [ -155.56, 55.91 ], [ -155.58, 55.76 ], [ -155.75, 55.79 ], [ -155.63, 55.9 ], [ -155.56, 55.91 ] ] ], [ [ [ -158.71, 55.89 ], [ -158.74, 55.83 ], [ -158.86, 55.83 ], [ -158.8, 55.91 ], [ -158.71, 55.89 ] ] ], [ [ [ -160.95, 55.94 ], [ -160.99, 55.96 ], [ -160.93, 56.02 ], [ -160.86, 55.99 ], [ -160.84, 55.95 ], [ -160.95, 55.94 ] ] ], [ [ [ -157.84, 56.29 ], [ -157.91, 56.36 ], [ -157.82, 56.39 ], [ -157.77, 56.31 ], [ -157.84, 56.29 ] ] ], [ [ [ -157.87, 56.48 ], [ -157.99, 56.53 ], [ -157.87, 56.57 ], [ -157.78, 56.52 ], [ -157.87, 56.48 ] ] ], [ [ [ -157.12, 56.56 ], [ -157.23, 56.52 ], [ -157.31, 56.55 ], [ -157.2, 56.61 ], [ -157.12, 56.56 ] ] ], [ [ [ -160.77, 58.71 ], [ -160.92, 58.56 ], [ -161.18, 58.6 ], [ -161.01, 58.73 ], [ -160.77, 58.71 ] ] ], [ [ [ -161.97, 58.61 ], [ -162.07, 58.65 ], [ -161.97, 58.7 ], [ -161.89, 58.65 ], [ -161.97, 58.61 ] ] ], [ [ [ -160.47, 58.71 ], [ -160.4, 58.79 ], [ -160.35, 58.71 ], [ -160.41, 58.66 ], [ -160.47, 58.71 ] ] ], [ [ [ -162.67, 63.6 ], [ -162.56, 63.63 ], [ -162.42, 63.63 ], [ -162.37, 63.59 ], [ -162.4, 63.56 ], [ -162.5, 63.54 ], [ -162.67, 63.56 ], [ -162.67, 63.6 ] ] ], [ [ [ -162.04, 66.77 ], [ -162.02, 66.61 ], [ -162.47, 66.74 ], [ -162.55, 66.81 ], [ -162.62, 66.86 ], [ -162.6, 66.89 ], [ -162.55, 66.9 ], [ -162.29, 66.92 ], [ -162.04, 66.77 ] ] ], [ [ [ -119.41, 33.25 ], [ -119.49, 33.2 ], [ -119.59, 33.24 ], [ -119.48, 33.29 ], [ -119.41, 33.25 ] ] ], [ [ [ -118.54, 33.51 ], [ -118.47, 33.44 ], [ -118.49, 33.43 ], [ -118.46, 33.44 ], [ -118.38, 33.41 ], [ -118.32, 33.35 ], [ -118.31, 33.31 ], [ -118.35, 33.3 ], [ -118.46, 33.33 ], [ -118.49, 33.36 ], [ -118.5, 33.43 ], [ -118.55, 33.41 ], [ -118.63, 33.45 ], [ -118.54, 33.51 ] ] ], [ [ [ -119.97, 33.94 ], [ -120.12, 33.9 ], [ -120.24, 33.99 ], [ -120.07, 34.04 ], [ -119.97, 33.94 ] ] ], [ [ [ -119.75, 34.06 ], [ -119.65, 34.0 ], [ -119.71, 33.96 ], [ -119.83, 33.96 ], [ -119.88, 33.99 ], [ -119.91, 34.06 ], [ -119.75, 34.06 ] ] ], [ [ [ -119.5, 34.04 ], [ -119.56, 33.98 ], [ -119.62, 33.97 ], [ -119.65, 34.0 ], [ -119.59, 34.07 ], [ -119.5, 34.04 ] ] ], [ [ [ -120.4, 34.0 ], [ -120.43, 34.04 ], [ -120.35, 34.11 ], [ -120.32, 34.04 ], [ -120.34, 33.99 ], [ -120.4, 34.0 ] ] ], [ [ [ -124.07, 46.5 ], [ -124.09, 46.62 ], [ -124.04, 46.63 ], [ -124.01, 46.6 ], [ -124.03, 46.47 ], [ -124.07, 46.5 ] ] ], [ [ [ -123.1, 48.5 ], [ -123.2, 48.63 ], [ -122.86, 48.67 ], [ -122.8, 48.64 ], [ -122.93, 48.48 ], [ -123.1, 48.5 ] ] ], [ [ [ -123.06, 48.98 ], [ -123.09, 49.0 ], [ -123.04, 49.0 ], [ -123.03, 48.98 ], [ -123.06, 48.98 ] ] ], [ [ [ -131.18, 54.94 ], [ -131.3, 54.86 ], [ -131.47, 54.94 ], [ -131.29, 55.0 ], [ -131.18, 54.94 ] ] ], [ [ [ -131.15, 55.1 ], [ -131.2, 55.01 ], [ -131.29, 55.06 ], [ -131.21, 55.13 ], [ -131.15, 55.1 ] ] ], [ [ [ -131.4, 55.03 ], [ -131.62, 55.01 ], [ -131.57, 55.26 ], [ -131.38, 55.19 ], [ -131.4, 55.03 ] ] ], [ [ [ -132.7, 54.83 ], [ -132.76, 54.73 ], [ -132.91, 54.77 ], [ -133.11, 54.95 ], [ -133.23, 55.19 ], [ -133.37, 55.27 ], [ -133.2, 55.41 ], [ -133.24, 55.51 ], [ -133.63, 55.34 ], [ -133.7, 55.49 ], [ -133.45, 55.56 ], [ -133.35, 55.76 ], [ -133.49, 55.93 ], [ -133.69, 55.97 ], [ -133.62, 56.14 ], [ -133.65, 56.26 ], [ -133.65, 56.31 ], [ -133.61, 56.35 ], [ -133.19, 56.32 ], [ -132.93, 56.06 ], [ -132.52, 55.81 ], [ -132.32, 55.58 ], [ -132.34, 55.41 ], [ -132.07, 55.24 ], [ -132.08, 55.04 ], [ -132.0, 54.87 ], [ -132.05, 54.76 ], [ -132.35, 54.78 ], [ -132.53, 54.94 ], [ -132.6, 55.12 ], [ -132.8, 55.05 ], [ -133.02, 55.2 ], [ -133.03, 55.12 ], [ -132.95, 54.99 ], [ -132.7, 54.83 ] ] ], [ [ [ -133.56, 55.61 ], [ -133.62, 55.57 ], [ -133.71, 55.63 ], [ -133.62, 55.67 ], [ -133.56, 55.61 ] ] ], [ [ [ -133.58, 55.69 ], [ -133.7, 55.83 ], [ -133.54, 55.84 ], [ -133.42, 55.77 ], [ -133.58, 55.69 ] ] ], [ [ [ -134.3, 55.82 ], [ -134.37, 55.85 ], [ -134.26, 55.94 ], [ -134.24, 55.84 ], [ -134.3, 55.82 ] ] ], [ [ [ -133.9, 55.84 ], [ -133.97, 55.9 ], [ -133.87, 55.94 ], [ -133.83, 55.88 ], [ -133.9, 55.84 ] ] ], [ [ [ -154.48, 56.46 ], [ -154.7, 56.52 ], [ -154.53, 56.59 ], [ -154.37, 56.52 ], [ -154.48, 56.46 ] ] ], [ [ [ -154.02, 56.58 ], [ -154.12, 56.5 ], [ -154.28, 56.54 ], [ -154.12, 56.62 ], [ -154.02, 56.58 ] ] ], [ [ [ -134.83, 56.26 ], [ -135.03, 56.52 ], [ -135.02, 56.58 ], [ -135.38, 56.8 ], [ -135.34, 57.02 ], [ -135.43, 57.12 ], [ -135.53, 57.13 ], [ -135.69, 57.01 ], [ -135.82, 57.02 ], [ -135.79, 57.16 ], [ -135.84, 57.27 ], [ -135.79, 57.37 ], [ -136.0, 57.55 ], [ -136.23, 57.64 ], [ -136.26, 57.75 ], [ -136.56, 57.94 ], [ -136.46, 58.13 ], [ -136.34, 58.21 ], [ -136.14, 58.2 ], [ -136.15, 58.28 ], [ -136.11, 58.32 ], [ -136.02, 58.23 ], [ -135.81, 58.26 ], [ -135.61, 58.19 ], [ -135.54, 58.07 ], [ -135.31, 58.11 ], [ -135.05, 58.05 ], [ -134.96, 57.97 ], [ -134.99, 57.8 ], [ -134.88, 57.59 ], [ -134.87, 57.26 ], [ -134.67, 56.75 ], [ -134.66, 56.27 ], [ -134.66, 56.24 ], [ -134.68, 56.22 ], [ -134.76, 56.24 ], [ -134.83, 56.26 ] ] ], [ [ [ -153.34, 57.06 ], [ -153.35, 57.16 ], [ -153.54, 57.09 ], [ -153.62, 56.95 ], [ -154.05, 56.67 ], [ -154.1, 56.79 ], [ -153.89, 56.98 ], [ -153.98, 57.04 ], [ -154.25, 56.9 ], [ -154.33, 56.9 ], [ -154.5, 57.02 ], [ -154.58, 57.22 ], [ -154.71, 57.32 ], [ -154.7, 57.4 ], [ -154.53, 57.55 ], [ -154.26, 57.65 ], [ -154.06, 57.65 ], [ -153.86, 57.54 ], [ -153.83, 57.68 ], [ -153.91, 57.74 ], [ -153.9, 57.81 ], [ -153.67, 57.87 ], [ -153.52, 57.75 ], [ -153.43, 57.85 ], [ -153.53, 57.94 ], [ -153.38, 57.94 ], [ -153.24, 57.94 ], [ -153.2, 57.94 ], [ -153.27, 58.13 ], [ -153.05, 58.27 ], [ -152.84, 58.31 ], [ -152.55, 58.58 ], [ -152.41, 58.58 ], [ -152.44, 58.41 ], [ -152.19, 58.37 ], [ -152.04, 58.27 ], [ -152.09, 58.2 ], [ -152.25, 58.22 ], [ -152.37, 58.14 ], [ -152.62, 58.13 ], [ -152.75, 57.94 ], [ -152.49, 57.94 ], [ -152.42, 57.94 ], [ -152.44, 57.66 ], [ -152.21, 57.58 ], [ -152.32, 57.47 ], [ -152.68, 57.47 ], [ -152.68, 57.33 ], [ -153.01, 57.31 ], [ -153.01, 57.13 ], [ -153.25, 57.03 ], [ -153.34, 57.06 ] ] ], [ [ [ -134.76, 57.94 ], [ -134.85, 58.28 ], [ -134.63, 58.19 ], [ -134.24, 58.13 ], [ -134.04, 57.94 ], [ -133.94, 57.81 ], [ -133.97, 57.78 ], [ -134.21, 58.0 ], [ -134.27, 58.01 ], [ -134.28, 57.96 ], [ -133.98, 57.63 ], [ -133.91, 57.43 ], [ -134.49, 57.07 ], [ -134.57, 57.05 ], [ -134.62, 57.1 ], [ -134.6, 57.27 ], [ -134.51, 57.43 ], [ -134.68, 57.63 ], [ -134.71, 57.78 ], [ -134.76, 57.94 ] ] ], [ [ [ -151.79, 58.26 ], [ -151.82, 58.17 ], [ -151.92, 58.18 ], [ -151.86, 58.27 ], [ -151.79, 58.26 ] ] ], [ [ [ -152.27, 58.88 ], [ -152.36, 58.91 ], [ -152.32, 58.99 ], [ -152.21, 58.93 ], [ -152.27, 58.88 ] ] ], [ [ [ -153.51, 59.39 ], [ -153.43, 59.41 ], [ -153.36, 59.37 ], [ -153.4, 59.33 ], [ -153.54, 59.33 ], [ -153.51, 59.39 ] ] ], [ [ [ -149.64, 59.58 ], [ -149.68, 59.68 ], [ -149.59, 59.68 ], [ -149.58, 59.58 ], [ -149.64, 59.58 ] ] ], [ [ [ -144.41, 59.95 ], [ -144.32, 60.02 ], [ -144.25, 59.99 ], [ -144.34, 59.91 ], [ -144.39, 59.94 ], [ -144.4, 59.91 ], [ -144.44, 59.87 ], [ -144.48, 59.86 ], [ -144.51, 59.88 ], [ -144.48, 59.9 ], [ -144.44, 59.94 ], [ -144.41, 59.95 ] ] ], [ [ [ -147.81, 60.05 ], [ -147.87, 59.98 ], [ -147.98, 60.01 ], [ -147.89, 60.07 ], [ -147.81, 60.05 ] ] ], [ [ [ -147.86, 59.82 ], [ -147.25, 60.32 ], [ -147.1, 60.34 ], [ -147.46, 59.85 ], [ -147.86, 59.82 ] ] ], [ [ [ -148.13, 60.02 ], [ -148.23, 60.08 ], [ -148.09, 60.15 ], [ -148.0, 60.08 ], [ -148.13, 60.02 ] ] ], [ [ [ -147.64, 60.51 ], [ -147.74, 60.21 ], [ -147.98, 60.22 ], [ -147.78, 60.47 ], [ -147.64, 60.51 ] ] ], [ [ [ -146.66, 60.28 ], [ -146.74, 60.39 ], [ -146.62, 60.45 ], [ -146.35, 60.44 ], [ -146.08, 60.52 ], [ -146.13, 60.37 ], [ -146.53, 60.26 ], [ -146.66, 60.28 ] ] ], [ [ [ -151.94, 60.42 ], [ -152.0, 60.5 ], [ -151.9, 60.52 ], [ -151.86, 60.47 ], [ -151.94, 60.42 ] ] ], [ [ [ -147.41, 60.61 ], [ -147.52, 60.65 ], [ -147.42, 60.75 ], [ -147.31, 60.67 ], [ -147.41, 60.61 ] ] ], [ [ [ -147.95, 60.66 ], [ -148.04, 60.73 ], [ -147.94, 60.75 ], [ -147.87, 60.69 ], [ -147.95, 60.66 ] ] ], [ [ [ -141.0, 64.68 ], [ -141.0, 60.38 ], [ -140.96, 60.3 ], [ -140.57, 60.23 ], [ -140.42, 60.3 ], [ -139.98, 60.19 ], [ -139.79, 60.28 ], [ -139.66, 60.33 ], [ -139.1, 60.35 ], [ -139.18, 60.1 ], [ -139.06, 60.0 ], [ -138.73, 59.9 ], [ -138.59, 59.75 ], [ -137.82, 59.36 ], [ -137.61, 59.23 ], [ -137.5, 58.91 ], [ -136.58, 59.18 ], [ -136.48, 59.36 ], [ -136.46, 59.45 ], [ -136.27, 59.5 ], [ -136.25, 59.62 ], [ -135.48, 59.79 ], [ -135.06, 59.57 ], [ -135.07, 59.43 ], [ -135.02, 59.36 ], [ -134.24, 58.87 ], [ -133.46, 58.46 ], [ -133.35, 58.28 ], [ -132.35, 57.31 ], [ -132.29, 57.1 ], [ -132.11, 57.03 ], [ -131.78, 56.68 ], [ -130.38, 56.15 ], [ -130.14, 56.1 ], [ -130.01, 55.91 ], [ -130.17, 55.76 ], [ -130.14, 55.58 ], [ -130.02, 55.29 ], [ -130.16, 55.15 ], [ -130.36, 54.92 ], [ -130.7, 54.75 ], [ -130.91, 54.81 ], [ -130.93, 54.83 ], [ -131.05, 55.11 ], [ -131.05, 55.14 ], [ -131.08, 55.16 ], [ -131.07, 55.2 ], [ -130.94, 55.3 ], [ -130.94, 55.31 ], [ -130.98, 55.32 ], [ -131.01, 55.36 ], [ -131.03, 55.35 ], [ -131.06, 55.32 ], [ -131.21, 55.21 ], [ -131.43, 55.28 ], [ -131.47, 55.35 ], [ -131.63, 55.33 ], [ -131.75, 55.16 ], [ -131.78, 55.15 ], [ -131.85, 55.32 ], [ -131.8, 55.51 ], [ -131.7, 55.58 ], [ -131.71, 55.89 ], [ -131.81, 55.9 ], [ -131.82, 55.87 ], [ -131.77, 55.81 ], [ -132.0, 55.52 ], [ -132.16, 55.59 ], [ -132.21, 55.7 ], [ -132.16, 55.79 ], [ -132.06, 55.82 ], [ -132.09, 56.02 ], [ -132.12, 56.04 ], [ -132.12, 56.06 ], [ -132.11, 56.07 ], [ -131.99, 56.08 ], [ -131.95, 56.17 ], [ -131.88, 56.16 ], [ -131.84, 56.22 ], [ -131.88, 56.25 ], [ -131.91, 56.25 ], [ -131.98, 56.2 ], [ -132.0, 56.17 ], [ -132.13, 56.14 ], [ -132.17, 56.07 ], [ -132.15, 56.05 ], [ -132.16, 55.94 ], [ -132.34, 55.86 ], [ -132.51, 56.07 ], [ -132.67, 56.07 ], [ -132.74, 56.25 ], [ -132.87, 56.25 ], [ -133.02, 56.35 ], [ -132.98, 56.42 ], [ -132.87, 56.45 ], [ -132.69, 56.41 ], [ -132.62, 56.31 ], [ -132.51, 56.39 ], [ -132.39, 56.36 ], [ -132.31, 56.49 ], [ -132.37, 56.59 ], [ -132.85, 56.51 ], [ -133.04, 56.51 ], [ -133.17, 56.47 ], [ -133.53, 56.45 ], [ -133.82, 56.53 ], [ -133.91, 56.26 ], [ -133.98, 56.13 ], [ -134.09, 56.18 ], [ -134.16, 56.09 ], [ -134.28, 56.26 ], [ -134.26, 56.3 ], [ -134.19, 56.48 ], [ -134.35, 56.69 ], [ -134.35, 56.84 ], [ -134.09, 56.92 ], [ -133.89, 56.77 ], [ -133.86, 56.88 ], [ -133.97, 57.02 ], [ -133.95, 57.05 ], [ -133.86, 57.08 ], [ -133.18, 57.0 ], [ -132.86, 56.79 ], [ -132.69, 56.74 ], [ -132.67, 56.77 ], [ -132.97, 57.04 ], [ -133.15, 57.13 ], [ -133.34, 57.13 ], [ -133.5, 57.19 ], [ -133.49, 57.27 ], [ -133.4, 57.34 ], [ -133.5, 57.54 ], [ -133.63, 57.65 ], [ -133.52, 57.73 ], [ -133.57, 57.81 ], [ -133.75, 57.85 ], [ -133.85, 57.94 ], [ -134.04, 58.11 ], [ -134.05, 58.31 ], [ -134.22, 58.22 ], [ -134.49, 58.23 ], [ -134.76, 58.4 ], [ -134.98, 58.76 ], [ -135.14, 58.87 ], [ -135.26, 59.12 ], [ -135.41, 59.23 ], [ -135.45, 59.17 ], [ -135.31, 58.97 ], [ -135.1, 58.42 ], [ -135.1, 58.23 ], [ -135.28, 58.26 ], [ -135.49, 58.39 ], [ -135.67, 58.35 ], [ -135.87, 58.41 ], [ -135.95, 58.51 ], [ -135.96, 58.69 ], [ -136.09, 58.88 ], [ -136.24, 58.79 ], [ -136.57, 58.92 ], [ -136.88, 58.95 ], [ -136.84, 58.88 ], [ -136.51, 58.78 ], [ -136.4, 58.63 ], [ -136.23, 58.62 ], [ -136.11, 58.45 ], [ -136.17, 58.36 ], [ -136.65, 58.24 ], [ -137.62, 58.61 ], [ -138.27, 59.04 ], [ -139.73, 59.5 ], [ -139.74, 59.56 ], [ -139.57, 59.7 ], [ -139.62, 59.92 ], [ -140.19, 59.73 ], [ -140.57, 59.71 ], [ -141.29, 59.86 ], [ -141.32, 60.02 ], [ -141.43, 60.11 ], [ -141.47, 60.02 ], [ -141.61, 59.98 ], [ -142.49, 60.08 ], [ -143.95, 60.04 ], [ -144.88, 60.28 ], [ -145.76, 60.4 ], [ -145.91, 60.61 ], [ -146.46, 60.72 ], [ -146.8, 60.97 ], [ -146.98, 61.03 ], [ -147.21, 60.91 ], [ -147.53, 60.96 ], [ -147.9, 60.86 ], [ -148.06, 61.02 ], [ -148.41, 60.8 ], [ -148.21, 60.68 ], [ -148.06, 60.41 ], [ -148.5, 60.01 ], [ -148.77, 59.95 ], [ -149.41, 59.98 ], [ -150.11, 59.61 ], [ -150.51, 59.52 ], [ -150.91, 59.3 ], [ -151.57, 59.2 ], [ -151.82, 59.27 ], [ -151.78, 59.4 ], [ -151.4, 59.6 ], [ -151.63, 59.71 ], [ -151.74, 59.84 ], [ -151.66, 60.03 ], [ -151.37, 60.37 ], [ -151.27, 60.69 ], [ -150.5, 60.97 ], [ -150.06, 60.92 ], [ -149.83, 60.95 ], [ -149.79, 61.02 ], [ -149.91, 61.16 ], [ -149.83, 61.29 ], [ -149.57, 61.44 ], [ -149.56, 61.47 ], [ -149.59, 61.48 ], [ -149.73, 61.45 ], [ -149.84, 61.38 ], [ -149.92, 61.29 ], [ -150.05, 61.25 ], [ -150.7, 61.26 ], [ -151.71, 60.9 ], [ -151.76, 60.74 ], [ -152.2, 60.56 ], [ -152.29, 60.49 ], [ -152.31, 60.36 ], [ -152.68, 60.21 ], [ -152.59, 60.1 ], [ -152.73, 59.93 ], [ -153.09, 59.86 ], [ -153.03, 59.78 ], [ -153.13, 59.68 ], [ -153.35, 59.65 ], [ -153.44, 59.73 ], [ -153.77, 59.45 ], [ -154.0, 59.38 ], [ -154.18, 59.18 ], [ -154.15, 59.08 ], [ -153.7, 59.06 ], [ -153.39, 58.92 ], [ -153.37, 58.86 ], [ -153.45, 58.72 ], [ -153.87, 58.58 ], [ -154.34, 58.13 ], [ -154.99, 58.0 ], [ -155.33, 57.77 ], [ -155.57, 57.74 ], [ -155.79, 57.58 ], [ -156.35, 57.38 ], [ -156.42, 57.16 ], [ -156.56, 57.04 ], [ -157.16, 56.82 ], [ -157.39, 56.8 ], [ -157.56, 56.65 ], [ -157.9, 56.62 ], [ -158.35, 56.42 ], [ -158.39, 56.36 ], [ -158.31, 56.25 ], [ -158.48, 56.08 ], [ -158.61, 56.1 ], [ -159.1, 55.87 ], [ -159.45, 55.84 ], [ -159.59, 55.71 ], [ -159.69, 55.8 ], [ -159.84, 55.82 ], [ -160.5, 55.53 ], [ -160.9, 55.49 ], [ -161.25, 55.38 ], [ -161.41, 55.4 ], [ -161.42, 55.55 ], [ -161.55, 55.58 ], [ -162.02, 55.13 ], [ -162.4, 55.07 ], [ -162.61, 55.23 ], [ -162.69, 55.0 ], [ -162.86, 54.97 ], [ -163.11, 55.05 ], [ -163.16, 54.89 ], [ -163.48, 54.67 ], [ -164.24, 54.58 ], [ -164.4, 54.44 ], [ -164.65, 54.39 ], [ -164.84, 54.43 ], [ -164.94, 54.58 ], [ -164.48, 54.87 ], [ -164.0, 55.0 ], [ -163.63, 55.02 ], [ -163.36, 54.95 ], [ -163.18, 55.12 ], [ -162.62, 55.34 ], [ -162.16, 55.72 ], [ -161.59, 55.9 ], [ -161.07, 55.93 ], [ -160.74, 55.78 ], [ -160.67, 55.68 ], [ -160.63, 55.81 ], [ -160.43, 55.85 ], [ -160.46, 56.05 ], [ -160.2, 56.34 ], [ -159.09, 56.79 ], [ -158.74, 56.83 ], [ -158.61, 57.03 ], [ -158.39, 57.22 ], [ -157.86, 57.49 ], [ -157.66, 57.53 ], [ -157.66, 57.78 ], [ -157.49, 58.19 ], [ -157.48, 58.41 ], [ -157.11, 58.72 ], [ -157.05, 58.87 ], [ -158.12, 58.65 ], [ -158.64, 58.89 ], [ -158.8, 58.79 ], [ -158.79, 58.53 ], [ -158.92, 58.45 ], [ -159.13, 58.51 ], [ -159.61, 58.86 ], [ -159.95, 58.84 ], [ -160.38, 59.01 ], [ -161.73, 58.64 ], [ -161.78, 58.72 ], [ -161.74, 59.07 ], [ -161.94, 59.25 ], [ -161.82, 59.57 ], [ -162.19, 60.01 ], [ -163.25, 59.85 ], [ -164.05, 59.86 ], [ -164.54, 60.21 ], [ -164.99, 60.39 ], [ -165.18, 60.54 ], [ -165.02, 60.79 ], [ -165.05, 61.07 ], [ -165.51, 61.14 ], [ -165.69, 61.29 ], [ -166.02, 61.57 ], [ -166.02, 61.68 ], [ -165.73, 61.92 ], [ -165.5, 62.24 ], [ -165.09, 62.51 ], [ -164.88, 62.56 ], [ -164.83, 62.78 ], [ -164.56, 63.1 ], [ -164.31, 63.21 ], [ -164.09, 63.22 ], [ -163.14, 63.08 ], [ -162.7, 63.23 ], [ -162.26, 63.47 ], [ -161.25, 63.53 ], [ -160.96, 63.67 ], [ -160.87, 63.92 ], [ -161.0, 64.18 ], [ -161.26, 64.45 ], [ -161.0, 64.57 ], [ -160.91, 64.73 ], [ -161.02, 64.82 ], [ -161.32, 64.84 ], [ -162.11, 64.67 ], [ -162.72, 64.42 ], [ -163.11, 64.56 ], [ -163.24, 64.46 ], [ -163.81, 64.56 ], [ -165.04, 64.46 ], [ -165.94, 64.55 ], [ -166.41, 64.73 ], [ -166.64, 65.03 ], [ -166.55, 65.22 ], [ -166.58, 65.29 ], [ -167.48, 65.44 ], [ -167.87, 65.55 ], [ -167.95, 65.63 ], [ -167.72, 65.75 ], [ -166.41, 66.11 ], [ -165.8, 66.15 ], [ -165.71, 66.28 ], [ -165.57, 66.35 ], [ -164.5, 66.54 ], [ -163.88, 66.52 ], [ -163.83, 66.43 ], [ -163.83, 66.22 ], [ -163.54, 66.08 ], [ -162.0, 66.03 ], [ -161.26, 66.26 ], [ -161.33, 66.34 ], [ -161.7, 66.44 ], [ -161.57, 66.54 ], [ -161.75, 66.75 ], [ -161.67, 66.92 ], [ -161.72, 66.99 ], [ -162.69, 67.02 ], [ -163.51, 67.11 ], [ -164.27, 67.64 ], [ -166.42, 68.37 ], [ -166.04, 68.84 ], [ -164.44, 68.93 ], [ -163.73, 69.09 ], [ -163.2, 69.37 ], [ -162.82, 69.82 ], [ -162.06, 70.2 ], [ -161.34, 70.26 ], [ -160.19, 70.55 ], [ -159.92, 70.47 ], [ -159.83, 70.66 ], [ -159.59, 70.78 ], [ -157.94, 70.86 ], [ -157.43, 70.99 ], [ -156.85, 71.24 ], [ -156.56, 71.28 ], [ -155.72, 71.13 ], [ -155.71, 71.05 ], [ -155.85, 70.92 ], [ -155.77, 70.84 ], [ -154.94, 71.07 ], [ -154.39, 70.81 ], [ -153.28, 70.9 ], [ -152.5, 70.81 ], [ -152.26, 70.62 ], [ -151.47, 70.41 ], [ -149.45, 70.49 ], [ -147.65, 70.21 ], [ -145.95, 70.15 ], [ -144.85, 70.0 ], [ -143.75, 70.11 ], [ -143.2, 70.09 ], [ -141.53, 69.69 ], [ -141.0, 69.65 ], [ -141.0, 64.68 ] ], [ [ -158.64, 56.31 ], [ -158.57, 56.25 ], [ -158.51, 56.31 ], [ -158.56, 56.37 ], [ -158.64, 56.31 ] ] ], [ [ [ -81.74, 24.57 ], [ -81.78, 24.52 ], [ -81.85, 24.57 ], [ -81.78, 24.61 ], [ -81.74, 24.57 ] ] ], [ [ [ -82.06, 24.59 ], [ -82.11, 24.51 ], [ -82.19, 24.55 ], [ -82.15, 24.63 ], [ -82.06, 24.59 ] ] ], [ [ [ -81.63, 24.62 ], [ -81.63, 24.61 ], [ -81.62, 24.61 ], [ -81.62, 24.6 ], [ -81.62, 24.59 ], [ -81.62, 24.58 ], [ -81.64, 24.57 ], [ -81.7, 24.56 ], [ -81.74, 24.58 ], [ -81.71, 24.61 ], [ -81.64, 24.62 ], [ -81.63, 24.62 ] ] ], [ [ [ -81.49, 24.78 ], [ -81.45, 24.68 ], [ -81.57, 24.68 ], [ -81.54, 24.76 ], [ -81.49, 24.78 ] ] ], [ [ [ -81.34, 24.7 ], [ -81.46, 24.78 ], [ -81.41, 24.81 ], [ -81.28, 24.74 ], [ -81.34, 24.7 ] ] ], [ [ [ -80.73, 24.89 ], [ -80.8, 24.89 ], [ -80.85, 24.99 ], [ -80.76, 24.99 ], [ -80.73, 24.89 ] ] ], [ [ [ -80.41, 25.08 ], [ -80.52, 25.12 ], [ -80.43, 25.17 ], [ -80.33, 25.13 ], [ -80.41, 25.08 ] ] ], [ [ [ -91.21, 29.24 ], [ -91.27, 29.26 ], [ -91.32, 29.37 ], [ -91.23, 29.36 ], [ -91.21, 29.24 ] ] ], [ [ [ -94.74, 29.35 ], [ -94.78, 29.27 ], [ -94.87, 29.3 ], [ -94.83, 29.39 ], [ -94.74, 29.35 ] ] ], [ [ [ -94.6, 29.46 ], [ -94.67, 29.4 ], [ -94.75, 29.45 ], [ -94.66, 29.51 ], [ -94.6, 29.46 ] ] ], [ [ [ -91.74, 29.53 ], [ -91.85, 29.48 ], [ -92.03, 29.56 ], [ -91.86, 29.63 ], [ -91.74, 29.53 ] ] ], [ [ [ -89.24, 29.91 ], [ -89.3, 29.93 ], [ -89.33, 30.03 ], [ -89.28, 30.1 ], [ -89.2, 30.13 ], [ -89.24, 29.91 ] ] ], [ [ [ -118.43, 32.9 ], [ -118.37, 32.81 ], [ -118.48, 32.82 ], [ -118.54, 32.89 ], [ -118.43, 32.9 ] ] ], [ [ [ -89.89, 48.0 ], [ -89.48, 48.01 ], [ -89.25, 48.02 ], [ -89.11, 48.06 ], [ -88.45, 48.28 ], [ -88.35, 48.27 ], [ -87.74, 48.06 ], [ -84.98, 46.93 ], [ -84.59, 46.51 ], [ -84.18, 46.5 ], [ -84.09, 46.25 ], [ -83.97, 46.11 ], [ -83.54, 46.06 ], [ -83.48, 45.98 ], [ -83.5, 45.79 ], [ -82.55, 45.31 ], [ -82.15, 43.63 ], [ -82.35, 43.08 ], [ -82.39, 42.99 ], [ -82.48, 42.75 ], [ -82.76, 42.45 ], [ -83.07, 42.26 ], [ -83.11, 41.96 ], [ -83.04, 41.85 ], [ -82.72, 41.7 ], [ -82.41, 41.68 ], [ -81.26, 42.2 ], [ -80.92, 42.26 ], [ -80.57, 42.31 ], [ -80.52, 42.32 ], [ -80.44, 42.34 ], [ -80.08, 42.39 ], [ -79.8, 42.5 ], [ -79.76, 42.51 ], [ -79.23, 42.75 ], [ -78.95, 42.87 ], [ -78.99, 42.99 ], [ -79.02, 43.08 ], [ -79.13, 43.4 ], [ -79.08, 43.48 ], [ -78.63, 43.62 ], [ -76.86, 43.65 ], [ -76.41, 44.1 ], [ -75.87, 44.4 ], [ -75.34, 44.81 ], [ -74.95, 44.98 ], [ -74.67, 45.0 ], [ -73.34, 45.01 ], [ -72.82, 45.02 ], [ -71.5, 45.01 ], [ -71.36, 45.25 ], [ -71.15, 45.25 ], [ -71.08, 45.31 ], [ -70.88, 45.28 ], [ -70.79, 45.41 ], [ -70.68, 45.42 ], [ -70.67, 45.56 ], [ -70.28, 45.9 ], [ -70.26, 46.21 ], [ -70.07, 46.44 ], [ -69.96, 46.72 ], [ -69.32, 47.36 ], [ -69.23, 47.43 ], [ -69.12, 47.42 ], [ -69.05, 47.3 ], [ -68.88, 47.19 ], [ -68.4, 47.31 ], [ -68.25, 47.35 ], [ -67.81, 47.06 ], [ -67.8, 45.71 ], [ -67.45, 45.58 ], [ -67.48, 45.47 ], [ -67.42, 45.38 ], [ -67.47, 45.27 ], [ -67.32, 45.13 ], [ -67.28, 45.19 ], [ -67.16, 45.14 ], [ -67.06, 44.98 ], [ -67.14, 44.88 ], [ -66.98, 44.83 ], [ -67.13, 44.7 ], [ -67.31, 44.68 ], [ -67.39, 44.59 ], [ -67.54, 44.6 ], [ -67.66, 44.51 ], [ -67.8, 44.56 ], [ -68.06, 44.36 ], [ -68.2, 44.45 ], [ -68.2, 44.33 ], [ -68.27, 44.25 ], [ -68.4, 44.3 ], [ -68.44, 44.43 ], [ -68.49, 44.44 ], [ -68.56, 44.22 ], [ -68.65, 44.16 ], [ -68.83, 44.45 ], [ -68.93, 44.44 ], [ -68.99, 44.31 ], [ -68.92, 44.25 ], [ -69.02, 44.21 ], [ -69.1, 44.1 ], [ -69.22, 43.94 ], [ -69.44, 43.92 ], [ -69.8, 43.74 ], [ -70.15, 43.71 ], [ -70.42, 43.38 ], [ -70.55, 43.3 ], [ -70.66, 43.12 ], [ -70.68, 43.08 ], [ -70.7, 43.05 ], [ -70.74, 42.99 ], [ -70.82, 42.87 ], [ -70.77, 42.75 ], [ -70.65, 42.64 ], [ -70.8, 42.53 ], [ -70.9, 42.37 ], [ -70.54, 41.86 ], [ -70.25, 41.77 ], [ -70.01, 41.82 ], [ -69.98, 41.76 ], [ -70.51, 41.58 ], [ -70.77, 41.66 ], [ -71.12, 41.5 ], [ -71.32, 41.51 ], [ -71.2, 41.68 ], [ -71.23, 41.71 ], [ -71.27, 41.66 ], [ -71.33, 41.72 ], [ -71.39, 41.69 ], [ -71.49, 41.38 ], [ -71.84, 41.36 ], [ -72.33, 41.27 ], [ -72.93, 41.26 ], [ -73.66, 40.99 ], [ -73.73, 40.85 ], [ -72.49, 41.0 ], [ -72.52, 40.86 ], [ -72.57, 40.83 ], [ -73.52, 40.62 ], [ -73.8, 40.63 ], [ -74.19, 40.55 ], [ -74.16, 40.62 ], [ -74.02, 40.67 ], [ -73.93, 40.88 ], [ -74.04, 40.71 ], [ -74.18, 40.63 ], [ -74.25, 40.51 ], [ -74.21, 40.45 ], [ -74.03, 40.4 ], [ -73.99, 40.34 ], [ -74.03, 40.11 ], [ -74.11, 39.98 ], [ -74.18, 39.69 ], [ -74.31, 39.54 ], [ -74.42, 39.57 ], [ -74.38, 39.41 ], [ -74.6, 39.25 ], [ -74.81, 39.0 ], [ -74.91, 38.97 ], [ -74.93, 39.16 ], [ -75.15, 39.22 ], [ -75.38, 39.37 ], [ -75.51, 39.47 ], [ -75.56, 39.61 ], [ -75.56, 39.46 ], [ -75.43, 39.26 ], [ -75.37, 39.05 ], [ -75.11, 38.77 ], [ -75.12, 38.62 ], [ -75.05, 38.45 ], [ -75.1, 38.31 ], [ -75.38, 38.02 ], [ -75.35, 37.92 ], [ -75.51, 37.81 ], [ -75.84, 37.4 ], [ -75.88, 37.19 ], [ -75.95, 37.16 ], [ -75.98, 37.38 ], [ -75.65, 37.97 ], [ -75.83, 37.99 ], [ -75.93, 38.23 ], [ -76.14, 38.31 ], [ -76.25, 38.45 ], [ -76.16, 38.66 ], [ -76.24, 38.8 ], [ -76.17, 39.02 ], [ -76.22, 39.19 ], [ -76.05, 39.4 ], [ -76.06, 39.48 ], [ -76.45, 39.13 ], [ -76.51, 38.64 ], [ -76.4, 38.34 ], [ -76.38, 38.12 ], [ -76.74, 38.26 ], [ -76.83, 38.36 ], [ -77.2, 38.41 ], [ -77.24, 38.49 ], [ -77.19, 38.62 ], [ -77.3, 38.48 ], [ -77.28, 38.36 ], [ -77.06, 38.38 ], [ -76.96, 38.21 ], [ -76.62, 38.13 ], [ -76.53, 38.01 ], [ -76.27, 37.9 ], [ -76.32, 37.8 ], [ -76.34, 37.53 ], [ -76.27, 37.39 ], [ -76.47, 37.39 ], [ -76.39, 37.27 ], [ -76.41, 37.16 ], [ -76.32, 37.11 ], [ -76.3, 37.05 ], [ -76.4, 36.98 ], [ -76.6, 37.11 ], [ -76.65, 37.21 ], [ -76.7, 37.22 ], [ -76.75, 37.19 ], [ -76.73, 37.15 ], [ -76.68, 37.17 ], [ -76.66, 37.11 ], [ -76.46, 36.9 ], [ -76.26, 36.95 ], [ -76.01, 36.91 ], [ -75.87, 36.55 ], [ -75.5, 35.68 ], [ -75.56, 35.24 ], [ -76.24, 34.96 ], [ -76.54, 34.7 ], [ -76.63, 34.8 ], [ -76.76, 34.7 ], [ -77.17, 34.62 ], [ -77.55, 34.43 ], [ -77.75, 34.26 ], [ -77.98, 33.89 ], [ -78.26, 33.91 ], [ -78.54, 33.85 ], [ -78.8, 33.75 ], [ -79.09, 33.47 ], [ -79.2, 33.19 ], [ -79.36, 33.03 ], [ -79.56, 33.0 ], [ -79.64, 32.87 ], [ -79.88, 32.76 ], [ -79.99, 32.62 ], [ -80.46, 32.48 ], [ -80.45, 32.35 ], [ -80.57, 32.28 ], [ -80.74, 32.29 ], [ -80.69, 32.2 ], [ -80.85, 32.03 ], [ -81.11, 31.74 ], [ -81.18, 31.54 ], [ -81.41, 31.1 ], [ -81.43, 30.92 ], [ -81.51, 30.88 ], [ -81.51, 30.83 ], [ -81.44, 30.84 ], [ -81.46, 30.78 ], [ -81.57, 30.72 ], [ -81.43, 30.63 ], [ -81.24, 29.76 ], [ -81.01, 29.24 ], [ -80.58, 28.57 ], [ -80.57, 28.14 ], [ -80.05, 26.82 ], [ -80.16, 25.77 ], [ -80.3, 25.57 ], [ -80.34, 25.33 ], [ -80.67, 25.11 ], [ -81.1, 25.15 ], [ -81.16, 25.25 ], [ -81.16, 25.46 ], [ -81.31, 25.69 ], [ -81.45, 25.84 ], [ -81.67, 25.92 ], [ -81.91, 26.41 ], [ -82.14, 26.5 ], [ -82.17, 26.65 ], [ -82.08, 26.75 ], [ -82.08, 26.91 ], [ -82.15, 26.91 ], [ -82.2, 26.81 ], [ -82.28, 26.84 ], [ -82.64, 27.45 ], [ -82.45, 27.87 ], [ -82.66, 27.98 ], [ -82.63, 27.78 ], [ -82.71, 27.69 ], [ -82.83, 27.88 ], [ -82.66, 28.57 ], [ -82.8, 29.1 ], [ -82.89, 29.15 ], [ -83.06, 29.14 ], [ -83.19, 29.37 ], [ -83.38, 29.51 ], [ -83.44, 29.67 ], [ -83.77, 29.96 ], [ -84.01, 30.08 ], [ -84.24, 30.07 ], [ -84.39, 29.91 ], [ -85.15, 29.66 ], [ -85.28, 29.72 ], [ -85.52, 30.01 ], [ -85.53, 30.13 ], [ -85.67, 30.13 ], [ -86.19, 30.33 ], [ -86.23, 30.36 ], [ -86.16, 30.41 ], [ -86.23, 30.47 ], [ -86.46, 30.49 ], [ -86.66, 30.4 ], [ -86.99, 30.36 ], [ -87.0, 30.47 ], [ -87.14, 30.54 ], [ -87.37, 30.32 ], [ -87.39, 30.45 ], [ -87.56, 30.28 ], [ -87.72, 30.25 ], [ -87.76, 30.29 ], [ -87.9, 30.42 ], [ -87.92, 30.62 ], [ -88.0, 30.67 ], [ -88.07, 30.61 ], [ -88.13, 30.34 ], [ -88.4, 30.38 ], [ -88.55, 30.33 ], [ -88.93, 30.41 ], [ -89.11, 30.37 ], [ -89.32, 30.33 ], [ -89.45, 30.25 ], [ -89.53, 30.19 ], [ -89.8, 29.98 ], [ -89.63, 29.91 ], [ -89.45, 30.01 ], [ -89.35, 29.91 ], [ -89.34, 29.85 ], [ -89.45, 29.75 ], [ -89.64, 29.57 ], [ -89.53, 29.42 ], [ -89.45, 29.39 ], [ -89.2, 29.3 ], [ -89.15, 29.12 ], [ -89.24, 29.08 ], [ -89.45, 29.23 ], [ -89.55, 29.33 ], [ -89.86, 29.45 ], [ -89.97, 29.43 ], [ -90.04, 29.42 ], [ -90.09, 29.2 ], [ -90.18, 29.13 ], [ -90.25, 29.16 ], [ -90.3, 29.36 ], [ -90.39, 29.42 ], [ -90.55, 29.43 ], [ -90.68, 29.25 ], [ -91.01, 29.35 ], [ -91.06, 29.34 ], [ -91.03, 29.27 ], [ -91.08, 29.21 ], [ -91.22, 29.42 ], [ -91.27, 29.45 ], [ -91.39, 29.51 ], [ -91.52, 29.55 ], [ -91.65, 29.74 ], [ -91.81, 29.74 ], [ -91.9, 29.83 ], [ -92.01, 29.8 ], [ -92.15, 29.76 ], [ -92.12, 29.6 ], [ -92.21, 29.57 ], [ -92.31, 29.54 ], [ -93.2, 29.76 ], [ -93.84, 29.69 ], [ -94.43, 29.54 ], [ -94.64, 29.55 ], [ -94.72, 29.57 ], [ -94.74, 29.73 ], [ -94.79, 29.75 ], [ -94.99, 29.62 ], [ -94.94, 29.31 ], [ -95.15, 29.16 ], [ -95.38, 28.89 ], [ -95.66, 28.75 ], [ -96.14, 28.62 ], [ -96.6, 28.66 ], [ -96.45, 28.43 ], [ -96.48, 28.3 ], [ -96.56, 28.27 ], [ -96.6, 28.34 ], [ -96.8, 28.4 ], [ -96.77, 28.18 ], [ -97.24, 27.52 ], [ -97.29, 27.37 ], [ -97.37, 26.95 ], [ -97.15, 25.96 ], [ -97.28, 25.95 ], [ -97.37, 25.9 ], [ -97.37, 25.86 ], [ -97.4, 25.84 ], [ -97.52, 25.9 ], [ -97.68, 26.02 ], [ -98.22, 26.07 ], [ -98.45, 26.21 ], [ -98.69, 26.26 ], [ -98.81, 26.37 ], [ -99.08, 26.42 ], [ -99.24, 26.77 ], [ -99.43, 27.03 ], [ -99.53, 27.57 ], [ -99.73, 27.68 ], [ -99.84, 27.77 ], [ -99.94, 27.97 ], [ -100.29, 28.29 ], [ -100.69, 29.09 ], [ -100.84, 29.27 ], [ -101.24, 29.53 ], [ -101.43, 29.76 ], [ -102.11, 29.8 ], [ -102.3, 29.86 ], [ -102.41, 29.78 ], [ -102.65, 29.73 ], [ -102.78, 29.56 ], [ -102.9, 29.22 ], [ -103.14, 28.99 ], [ -103.31, 29.0 ], [ -104.11, 29.36 ], [ -104.5, 29.65 ], [ -104.67, 29.91 ], [ -104.7, 30.18 ], [ -104.92, 30.57 ], [ -105.19, 30.79 ], [ -105.38, 30.85 ], [ -105.92, 31.34 ], [ -106.25, 31.55 ], [ -106.38, 31.72 ], [ -106.53, 31.78 ], [ -108.17, 31.78 ], [ -108.21, 31.55 ], [ -108.24, 31.34 ], [ -108.76, 31.33 ], [ -109.05, 31.33 ], [ -111.05, 31.33 ], [ -111.74, 31.55 ], [ -114.81, 32.49 ], [ -114.72, 32.72 ], [ -117.12, 32.53 ], [ -117.1, 32.61 ], [ -117.26, 32.76 ], [ -117.33, 33.12 ], [ -117.58, 33.39 ], [ -118.09, 33.73 ], [ -118.37, 33.74 ], [ -118.53, 34.02 ], [ -118.83, 34.02 ], [ -119.08, 34.1 ], [ -119.53, 34.4 ], [ -120.45, 34.46 ], [ -120.62, 34.58 ], [ -120.65, 35.12 ], [ -120.86, 35.22 ], [ -120.9, 35.42 ], [ -121.27, 35.68 ], [ -121.51, 35.99 ], [ -121.87, 36.3 ], [ -121.96, 36.57 ], [ -121.81, 36.71 ], [ -121.85, 36.9 ], [ -122.22, 37.03 ], [ -122.4, 37.21 ], [ -122.51, 37.57 ], [ -122.5, 37.76 ], [ -122.44, 37.8 ], [ -122.38, 37.76 ], [ -122.35, 37.61 ], [ -122.12, 37.53 ], [ -122.17, 37.67 ], [ -122.4, 37.95 ], [ -122.29, 38.07 ], [ -122.46, 38.11 ], [ -122.52, 37.84 ], [ -122.97, 38.04 ], [ -122.96, 38.23 ], [ -123.71, 38.93 ], [ -123.82, 39.34 ], [ -123.78, 39.59 ], [ -123.85, 39.82 ], [ -124.35, 40.27 ], [ -124.38, 40.51 ], [ -124.11, 40.84 ], [ -124.15, 41.12 ], [ -124.07, 41.47 ], [ -124.14, 41.68 ], [ -124.23, 41.79 ], [ -124.21, 42.0 ], [ -124.38, 42.22 ], [ -124.42, 42.61 ], [ -124.49, 42.75 ], [ -124.54, 42.83 ], [ -124.48, 42.99 ], [ -124.44, 43.08 ], [ -124.17, 43.82 ], [ -123.98, 45.33 ], [ -123.91, 45.52 ], [ -123.96, 46.16 ], [ -123.51, 46.23 ], [ -123.36, 46.16 ], [ -123.14, 46.16 ], [ -122.96, 46.1 ], [ -123.14, 46.17 ], [ -123.37, 46.18 ], [ -123.53, 46.26 ], [ -123.87, 46.26 ], [ -124.03, 46.33 ], [ -124.04, 46.4 ], [ -123.95, 46.49 ], [ -123.91, 46.66 ], [ -124.04, 46.75 ], [ -124.07, 46.82 ], [ -123.97, 46.95 ], [ -124.18, 47.1 ], [ -124.42, 47.69 ], [ -124.64, 47.95 ], [ -124.7, 48.24 ], [ -124.68, 48.33 ], [ -124.61, 48.35 ], [ -123.92, 48.17 ], [ -122.79, 48.1 ], [ -122.69, 48.02 ], [ -122.65, 47.86 ], [ -122.52, 47.79 ], [ -122.42, 47.42 ], [ -122.39, 47.39 ], [ -122.37, 47.43 ], [ -122.38, 47.7 ], [ -122.29, 48.03 ], [ -122.37, 48.15 ], [ -122.47, 48.2 ], [ -122.49, 48.28 ], [ -122.58, 48.22 ], [ -122.44, 48.06 ], [ -122.43, 47.99 ], [ -122.57, 48.05 ], [ -122.71, 48.22 ], [ -122.66, 48.52 ], [ -122.53, 48.53 ], [ -122.49, 48.61 ], [ -122.54, 48.73 ], [ -122.74, 48.89 ], [ -122.76, 49.0 ], [ -122.63, 49.0 ], [ -117.03, 49.0 ], [ -116.05, 49.0 ], [ -114.07, 49.0 ], [ -112.47, 49.0 ], [ -111.13, 49.0 ], [ -110.8, 49.0 ], [ -110.72, 49.0 ], [ -110.01, 49.0 ], [ -109.92, 49.0 ], [ -104.05, 49.0 ], [ -101.36, 49.0 ], [ -99.75, 49.0 ], [ -98.9, 49.0 ], [ -98.41, 49.0 ], [ -97.31, 49.0 ], [ -97.23, 49.0 ], [ -95.2, 49.0 ], [ -95.15, 49.38 ], [ -94.86, 49.28 ], [ -94.68, 48.83 ], [ -94.53, 48.72 ], [ -93.94, 48.63 ], [ -93.71, 48.54 ], [ -93.28, 48.62 ], [ -92.71, 48.54 ], [ -92.36, 48.27 ], [ -92.31, 48.3 ], [ -92.21, 48.34 ], [ -92.08, 48.35 ], [ -91.55, 48.07 ], [ -91.27, 48.09 ], [ -91.01, 48.19 ], [ -90.89, 48.24 ], [ -90.73, 48.1 ], [ -90.14, 48.11 ], [ -89.97, 48.03 ], [ -89.89, 48.0 ] ] ], [ [ [ -76.24, 38.98 ], [ -76.33, 38.9 ], [ -76.38, 38.92 ], [ -76.31, 39.02 ], [ -76.24, 38.98 ] ] ], [ [ [ -72.31, 40.9 ], [ -72.46, 40.88 ], [ -72.33, 41.09 ], [ -72.15, 41.0 ], [ -72.31, 40.9 ] ] ], [ [ [ -71.85, 41.09 ], [ -71.9, 41.02 ], [ -72.01, 41.04 ], [ -71.95, 41.1 ], [ -71.85, 41.09 ] ] ], [ [ [ -71.5, 41.15 ], [ -71.6, 41.12 ], [ -71.66, 41.15 ], [ -71.58, 41.22 ], [ -71.5, 41.15 ] ] ], [ [ [ -69.97, 41.26 ], [ -70.11, 41.24 ], [ -70.16, 41.3 ], [ -70.03, 41.34 ], [ -69.97, 41.26 ] ] ], [ [ [ -71.87, 41.3 ], [ -71.92, 41.25 ], [ -71.99, 41.29 ], [ -71.92, 41.34 ], [ -71.87, 41.3 ] ] ], [ [ [ -70.49, 41.41 ], [ -70.61, 41.33 ], [ -70.78, 41.39 ], [ -70.62, 41.47 ], [ -70.49, 41.41 ] ] ], [ [ [ -70.15, 42.06 ], [ -70.16, 42.0 ], [ -70.21, 42.01 ], [ -70.28, 42.08 ], [ -70.23, 42.1 ], [ -70.17, 42.09 ], [ -70.15, 42.06 ] ] ], [ [ [ -68.66, 44.09 ], [ -68.58, 44.1 ], [ -68.57, 44.04 ], [ -68.68, 43.98 ], [ -68.66, 44.09 ] ] ], [ [ [ -68.77, 44.2 ], [ -68.82, 44.03 ], [ -68.91, 44.04 ], [ -68.98, 44.11 ], [ -68.77, 44.2 ] ] ], [ [ [ -68.36, 44.12 ], [ -68.43, 44.1 ], [ -68.51, 44.17 ], [ -68.41, 44.19 ], [ -68.36, 44.12 ] ] ], [ [ [ 179.0, 51.6 ], [ 179.15, 51.41 ], [ 179.06, 51.42 ], [ 178.84, 51.58 ], [ 179.0, 51.6 ] ] ], [ [ [ 178.42, 51.95 ], [ 178.49, 51.99 ], [ 178.59, 51.95 ], [ 178.52, 51.9 ], [ 178.42, 51.95 ] ] ], [ [ [ 179.46, 51.95 ], [ 179.63, 52.02 ], [ 179.78, 51.94 ], [ 179.65, 51.87 ], [ 179.46, 51.95 ] ] ], [ [ [ 177.32, 51.83 ], [ 177.21, 51.89 ], [ 177.6, 52.13 ], [ 177.68, 52.1 ], [ 177.5, 51.92 ], [ 177.32, 51.83 ] ] ], [ [ [ 178.21, 51.99 ], [ 178.11, 51.98 ], [ 178.05, 52.05 ], [ 178.15, 52.06 ], [ 178.21, 51.99 ] ] ], [ [ [ 176.0, 52.37 ], [ 175.92, 52.3 ], [ 175.83, 52.36 ], [ 175.91, 52.39 ], [ 176.0, 52.37 ] ] ], [ [ [ 173.47, 52.41 ], [ 173.65, 52.5 ], [ 173.78, 52.44 ], [ 173.66, 52.36 ], [ 173.47, 52.41 ] ] ], [ [ [ 173.21, 52.78 ], [ 173.03, 52.74 ], [ 172.62, 52.92 ], [ 173.03, 53.03 ], [ 173.21, 52.98 ], [ 173.29, 52.87 ], [ 173.21, 52.78 ] ] ] ] }, { "type": "MultiLineString", "coordinates": [ [ [ -144.39, 59.94 ], [ -144.41, 59.95 ] ], [ [ -118.49, 33.43 ], [ -118.5, 33.43 ] ] ] } ] } }
]
}
